,Unnamed: 0,restaurant,item,calories,cal_fat,total_fat,sat_fat,trans_fat,cholesterol,sodium,total_carb,fiber,sugar,protein,vit_a,vit_c,calcium,salad,meat_type,PC1,PC2
0,1,Mcdonalds,Artisan Grilled Chicken Sandwich,380,60,7,2.0,0.0,95,1110,44,3.0,11,37.0,4.0,20.0,20.0,Other,white,0.1589368419026898,0.4958898428096578
1,2,Mcdonalds,Single Bacon Smokehouse Burger,840,410,45,17.0,1.5,130,1580,62,2.0,18,46.0,6.0,20.0,20.0,Other,red,0.3673578738169403,0.4290113664684544
2,3,Mcdonalds,Double Bacon Smokehouse Burger,1130,600,67,27.0,3.0,220,1920,63,3.0,18,70.0,10.0,20.0,50.0,Other,red,0.5392054339773374,0.3843969690100605
3,4,Mcdonalds,Grilled Bacon Smokehouse Chicken Sandwich,750,280,31,10.0,0.5,155,1940,62,2.0,18,55.0,6.0,25.0,20.0,Other,white,0.3247129051545383,0.48237734578226577
4,5,Mcdonalds,Crispy Bacon Smokehouse Chicken Sandwich,920,410,45,12.0,0.5,120,1980,81,4.0,18,46.0,6.0,20.0,20.0,Other,white,0.36280212830539826,0.5093688218762008
5,6,Mcdonalds,Big Mac,540,250,28,10.0,1.0,80,950,46,3.0,9,25.0,10.0,2.0,15.0,Other,red,0.2225893143829641,0.4207342160199179
6,7,Mcdonalds,Cheeseburger,300,100,12,5.0,0.5,40,680,33,2.0,7,15.0,10.0,2.0,10.0,Other,red,0.11816876315027784,0.4243165963783102
7,8,Mcdonalds,Classic Chicken Sandwich,510,210,24,4.0,0.0,65,1040,49,3.0,6,25.0,0.0,4.0,2.0,Other,white,0.17486840036031392,0.4477464452236258
8,9,Mcdonalds,Double Cheeseburger,430,190,21,11.0,1.0,85,1040,35,2.0,7,25.0,20.0,4.0,15.0,Other,red,0.19854773699930928,0.401060048324453
9,10,Mcdonalds,Double Quarter Pounder® with Cheese,770,400,45,21.0,2.5,175,1290,42,3.0,10,51.0,20.0,6.0,20.0,Other,red,0.3773239031150829,0.3502767033840757
10,11,Mcdonalds,Filet-O-Fish®,380,170,18,4.0,0.0,40,640,38,2.0,5,15.0,2.0,0.0,15.0,Other,white,0.12734100389502223,0.431414028561136
11,12,Mcdonalds,Garlic White Cheddar Burger,620,300,34,13.0,1.5,95,790,48,3.0,11,32.0,10.0,10.0,35.0,Other,red,0.2702341271423545,0.4220537522110822
12,13,Mcdonalds,Grilled Garlic White Cheddar Chicken Sandwich,530,180,20,7.0,0.0,125,1150,48,3.0,11,42.0,10.0,20.0,35.0,Other,white,0.22589363776951618,0.486457689942473
13,14,Mcdonalds,Crispy Garlic White Cheddar Chicken Sandwich,700,300,34,9.0,0.0,85,1190,67,5.0,11,33.0,10.0,15.0,35.0,Other,white,0.26161585081601557,0.5148652535988989
14,15,Mcdonalds,Hamburger,250,70,8,3.0,0.0,30,480,31,2.0,6,13.0,2.0,2.0,4.0,Other,red,0.08280718200042664,0.4303920888151751
15,16,Mcdonalds,Lobster Roll,290,50,5,1.5,0.0,65,630,35,2.0,3,24.0,4.0,6.0,15.0,Other,white,0.10062368388709073,0.4410156816067244
16,17,Mcdonalds,Maple Bacon Dijon 1/4 lb Burger,640,330,36,14.0,1.5,110,1260,40,3.0,10,37.0,6.0,15.0,15.0,Other,red,0.28765789991989527,0.40063964110207123
17,18,Mcdonalds,Grilled Maple Bacon Dijon Chicken Sandwich,580,190,21,8.0,0.0,135,1890,50,3.0,14,48.0,4.0,30.0,30.0,Other,white,0.2622538365902978,0.5059855503216791
18,19,Mcdonalds,Crispy Maple Bacon Dijon Chicken Sandwich,740,310,35,9.0,0.5,95,1780,69,5.0,14,39.0,4.0,20.0,290.0,Other,white,0.37415204032559357,0.7048197764228269
19,20,Mcdonalds,McChicken,350,130,15,3.5,0.0,40,600,40,2.0,5,15.0,2.0,2.0,4.0,Other,white,0.11386117517753179,0.4307309447372828
20,21,Mcdonalds,McDouble,380,160,18,8.0,1.0,70,840,34,2.0,7,23.0,10.0,2.0,10.0,Other,red,0.17002172319105313,0.4011866509423092
21,22,Mcdonalds,McRib,480,200,22,7.0,0.0,80,870,45,2.0,12,25.0,2.0,2.0,6.0,Other,red,0.18327667124005573,0.43981496512221896
22,23,Mcdonalds,Pico Guacamole 1/4 lb Burger,580,300,33,12.0,1.5,95,920,41,4.0,7,29.0,8.0,15.0,15.0,Other,red,0.2512501570860711,0.40848081588434754
23,24,Mcdonalds,Grilled Pico Guacamole Chicken Sandwich,520,160,18,6.0,0.0,115,1540,50,4.0,12,40.0,8.0,25.0,30.0,Other,white,0.2250318360693242,0.5126851574875363
24,25,Mcdonalds,Crispy Pico Guacamole Chicken Sandwich,680,280,32,7.0,0.0,80,1430,69,6.0,12,31.0,8.0,15.0,30.0,Other,white,0.25553864051870545,0.5361636297385719
25,26,Mcdonalds,Premium Buttermilk Crispy Chicken Deluxe Sandwich,570,200,23,5.0,0.0,60,1050,64,4.0,11,28.0,4.0,10.0,20.0,Other,white,0.20084413067999626,0.5048458095274988
26,27,Mcdonalds,Premium Crispy Chicken Deluxe Sandwich,530,200,22,4.0,0.0,45,1000,59,3.0,13,25.0,6.0,10.0,20.0,Other,white,0.1858062123417126,0.4981362331558178
27,28,Mcdonalds,Quarter Pounder® with Cheese,530,240,27,13.0,1.5,100,1090,41,3.0,10,31.0,20.0,6.0,15.0,Other,red,0.2473632941697535,0.40614344417344683
28,29,Mcdonalds,Signature Sriracha Burger,670,320,35,12.0,1.5,95,1010,56,4.0,13,32.0,20.0,15.0,30.0,Other,red,0.28464289795069575,0.45187209389514366
29,30,Mcdonalds,Grilled Signature Sriracha Chicken Sandwich,560,180,20,5.0,0.0,115,1550,56,4.0,14,41.0,20.0,25.0,30.0,Other,white,0.23517039826974417,0.5264168163962683
30,31,Mcdonalds,Crispy Signature Sriracha Chicken Sandwich,730,300,33,7.0,0.0,80,1430,75,5.0,13,32.0,20.0,20.0,30.0,Other,white,0.26514833423746353,0.538964246448633
31,32,Mcdonalds,Sweet BBQ Bacon 1/4 lb Burger,690,340,37,14.0,1.5,110,1310,51,3.0,14,38.0,6.0,15.0,15.0,Other,red,0.3054254295540016,0.4220610057953912
32,33,Mcdonalds,Grilled Sweet BBQ Bacon Chicken Sandwich,630,200,22,7.0,0.0,135,1930,61,4.0,18,48.0,4.0,30.0,25.0,Other,white,0.276115949428048,0.5362407453872101
33,34,Mcdonalds,Crispy Sweet BBQ Bacon Chicken Sandwich,800,320,36,9.0,0.5,95,1820,80,5.0,18,39.0,4.0,20.0,30.0,Other,white,0.31622930414550965,0.5409817602091918
34,35,Mcdonalds,3 piece Buttermilk Crispy Chicken Tenders,370,190,21,3.5,0.0,70,910,16,0.0,0,28.0,0.0,0.0,2.0,Other,white,0.13361090343308707,0.3639797838305253
35,36,Mcdonalds,4 piece Buttermilk Crispy Chicken Tenders,480,250,28,4.5,0.0,95,1290,21,0.0,1,38.0,0.0,0.0,2.0,Other,white,0.18456558478995902,0.36618568537401497
36,37,Mcdonalds,6 piece Buttermilk Crispy Chicken Tenders,760,390,44,8.0,0.5,145,1890,32,1.0,1,58.0,0.0,0.0,2.0,Other,white,0.3012410395646887,0.3599172958310388
37,38,Mcdonalds,10 piece Buttermilk Crispy Chicken Tenders,1210,630,70,12.0,1.0,240,3230,52,1.0,4,94.0,0.0,0.0,4.0,Other,white,0.5014831604338846,0.35603909332386546
38,39,Mcdonalds,12 piece Buttermilk Crispy Chicken Tenders,1510,790,88,15.0,1.0,295,3770,64,1.0,2,115.0,0.0,2.0,6.0,Other,white,0.6129007233108342,0.34625793198445975
39,40,Mcdonalds,20 piece Buttermilk Crispy Chicken Tenders,2430,1270,141,24.0,2.0,475,6080,103,2.0,3,186.0,0.0,2.0,8.0,Other,white,1.0000000000000002,0.32821065028334717
40,41,Mcdonalds,4 Piece Chicken McNuggets,180,100,11,2.0,0.0,30,340,11,1.0,0,10.0,0.0,2.0,0.0,Other,white,0.05629822263018758,0.3772491062800541
41,42,Mcdonalds,6 Piece Chicken McNuggets,270,140,16,2.5,0.0,45,510,16,1.0,0,15.0,0.0,2.0,0.0,Other,white,0.08731418764658574,0.3780729853289057
42,43,Mcdonalds,10 Piece Chicken McNuggets,440,240,27,4.5,0.0,75,840,26,2.0,0,24.0,0.0,4.0,2.0,Other,white,0.15490288477676734,0.3893143669412338
43,44,Mcdonalds,20 Piece Chicken McNuggets,890,480,53,9.0,0.0,145,1680,53,4.0,0,49.0,0.0,8.0,4.0,Other,white,0.3226256178922434,0.4150917422002105
44,45,Mcdonalds,40 piece Chicken McNuggets,1770,960,107,18.0,0.5,295,3370,105,7.0,1,98.0,0.0,15.0,6.0,Other,white,0.6666457282005532,0.4407754421031772
45,46,Mcdonalds,4 piece Sweet N' Spicy Honey BBQ Glazed Tenders,640,240,27,4.0,0.0,105,1780,63,2.0,35,39.0,4.0,15.0,4.0,Other,white,0.2731522618872653,0.5371327639166309
46,47,Mcdonalds,6 piece Sweet N' Spicy Honey BBQ Glazed Tenders,960,360,40,6.0,0.0,160,2670,94,3.0,52,58.0,4.0,25.0,8.0,Other,white,0.41573441555356194,0.6236139584842753
47,48,Mcdonalds,10 piece Sweet N' Spicy Honey BBQ Glazed Tenders,1600,600,66,10.0,0.0,265,4450,156,5.0,87,97.0,8.0,40.0,10.0,Other,white,0.6998851382929009,0.7927211364490587
48,49,Mcdonalds,Premium Asian Salad w/o Chicken,140,70,7,0.5,0.0,0,20,13,5.0,7,7.0,180.0,45.0,10.0,Other,white,0.033378545307777396,0.515546081869866
49,50,Mcdonalds,Premium Asian Salad w/ Grilled Chicken,270,80,9,1.0,0.0,80,740,18,5.0,10,31.0,180.0,70.0,10.0,Other,white,0.1120901381124947,0.5440465495001258
50,51,Mcdonalds,Premium Asian Salad w/ Crispy Chicken,490,250,28,8.0,0.0,95,1120,28,4.0,4,33.0,180.0,60.0,15.0,Other,white,0.19181914560728663,0.4982837018896305
51,52,Mcdonalds,Premium Bacon Ranch Salad w/o Chicken,190,110,12,5.0,0.0,40,660,9,3.0,3,14.0,180.0,50.0,15.0,Other,white,0.08027379098630921,0.47771416830087143
52,53,Mcdonalds,Premium Bacon Ranch Salad w/ Grilled Chicken,320,120,14,6.0,0.0,45,1230,9,3.0,4,42.0,180.0,60.0,15.0,Other,white,0.13611680698221923,0.4951215665595423
53,54,Mcdonalds,Premium Bacon Ranch Salad w/ Crispy Chicken,490,250,28,8.0,0.0,95,1120,28,4.0,4,33.0,180.0,60.0,15.0,Other,white,0.19181914560728663,0.4982837018896305
54,55,Mcdonalds,Premium Southwest Salad w/o Chicken,220,90,10,3.5,0.0,15,500,26,6.0,9,8.0,180.0,40.0,20.0,Other,white,0.07957594107854682,0.5447686819180674
55,56,Mcdonalds,Premium Southwest Salad w/ Grilled Chicken,350,100,12,4.5,0.0,110,1070,27,6.0,9,37.0,180.0,50.0,20.0,Other,white,0.15901273638153665,0.5452189112690311
56,57,Mcdonalds,Premium Southwest Salad w/ Crispy Chicken,520,230,25,6.0,0.0,75,960,46,8.0,9,28.0,180.0,40.0,20.0,Other,white,0.19152970444541428,0.5677727239692131
57,58,Chick Fil-A,Chargrilled Chicken Club Sandwich,430,144,16,8.0,0.0,85,1120,37,3.0,7,37.0,30.0,40.0,25.0,Other,white,0.18401243531312136,0.4833416728363682
58,59,Chick Fil-A,Chargrilled Chicken Sandwich,310,54,6,2.0,0.0,55,820,36,3.0,7,29.0,25.0,40.0,10.0,Other,white,0.11531026363830518,0.49117748851747006
59,60,Chick Fil-A,Chick-n-Slider,270,99,11,2.5,0.0,45,800,26,1.0,4,16.0,,0.0,2.0,Other,white,0.095866880995669,0.40779316124325854
60,61,Chick Fil-A,1 Piece Chick-n-Strips,120,54,6,3.0,0.0,25,320,6,0.0,1,11.0,0.0,0.0,2.0,Other,white,0.04266332258815253,0.3668680516645502
61,62,Chick Fil-A,2 Piece Chick-n-Strips,230,108,12,3.0,0.0,55,630,13,1.0,1,22.0,0.0,2.0,4.0,Other,white,0.09164064234183833,0.38307254359096393
62,63,Chick Fil-A,3 Piece Chick-n-Strips,350,153,17,3.0,0.0,70,940,22,1.0,3,28.0,2.0,2.0,6.0,Other,white,0.13294334501006627,0.39791868597080915
63,64,Chick Fil-A,4 piece Chick-n-Strips,470,207,23,3.0,0.0,90,1250,29,1.0,4,37.0,2.0,4.0,8.0,Other,white,0.17816621462174972,0.40773237542819624
64,65,Chick Fil-A,Chicken Deluxe,500,207,23,7.0,0.0,75,1590,42,3.0,6,31.0,30.0,10.0,20.0,Other,white,0.2013288405436365,0.46455748025113464
65,66,Chick Fil-A,4 piece Chicken Nuggets,130,54,6,1.5,0.0,40,490,5,1.0,0,14.0,0.0,2.0,2.0,Other,white,0.049556056259529135,0.37870490994695105
66,67,Chick Fil-A,6 piece Chicken Nuggets,190,81,9,1.5,0.0,55,730,7,1.0,0,21.0,0.0,4.0,2.0,Other,white,0.0760878401875053,0.3814409768221735
67,68,Chick Fil-A,8 piece Chicken Nuggets,260,110,12,3.0,0.0,70,990,9,1.0,1,28.0,0.0,2.0,4.0,Other,white,0.10956193929774921,0.38248018244311377
68,69,Chick Fil-A,12 piece Chicken Nuggets,390,162,18,1.5,0.0,115,1460,14,2.0,1,41.0,0.0,8.0,4.0,Other,white,0.16374654369725905,0.4014752966808508
69,70,Chick Fil-A,30 piece Chicken Nuggets,970,414,46,2.5,0.0,285,3660,35,4.0,1,103.0,,20.0,10.0,Other,white,0.42422507625297834,0.44225140217492653
70,71,Chick Fil-A,Chicken Salad Sandwich,490,170,19,3.0,0.0,80,1130,55,5.0,12,28.0,35.0,8.0,15.0,Other,white,0.18572596506713893,0.5135179278690956
71,72,Chick Fil-A,Chicken Sandwich,440,171,19,4.0,0.0,60,1350,40,2.0,5,28.0,2.0,4.0,15.0,Other,white,0.1666728133611549,0.44452687002999786
72,73,Chick Fil-A,4 Piece Grilled Chicken Nuggets,70,18,2,1.0,0.0,35,220,1,0.0,0,13.0,0.0,6.0,0.0,Other,white,0.02473677355549378,0.3665171412172292
73,74,Chick Fil-A,6 Piece Grilled Chicken Nuggets,110,27,3,1.0,0.0,50,330,2,0.0,0,19.0,0.0,8.0,0.0,Other,white,0.04179743570633701,0.3679584744421841
74,75,Chick Fil-A,8 piece Grilled Chicken Nuggets,140,36,4,1.0,0.0,70,440,2,0.0,0,25.0,0.0,10.0,2.0,Other,white,0.05961125425559596,0.3688239240164487
75,76,Chick Fil-A,12 Piece Grilled Chicken Nuggets,210,45,5,1.0,0.0,100,670,3,0.0,1,38.0,0.0,20.0,2.0,Other,white,0.0931627390056035,0.37867782151834506
76,77,Chick Fil-A,Spicy Grilled Chicken Sub Sandwich,430,108,12,4.5,0.0,85,1310,47,5.0,9,33.0,,25.0,25.0,Other,white,0.17885266423242607,0.5184813888652768
77,78,Chick Fil-A,Regular Grilled Chicken Sub Sandwich,450,117,13,6.0,0.0,75,1000,48,4.0,10,34.0,,50.0,25.0,Other,white,0.1747212701767744,0.533503171498465
78,79,Chick Fil-A,Smokehouse BBQ Bacon Sandwich,500,162,18,0.0,0.0,95,1200,46,2.0,10,33.0,45.0,40.0,20.0,Other,red,0.1777375399644699,0.5023440922037169
79,80,Chick Fil-A,Spicy Chicken Sandwich,450,171,19,4.0,0.0,60,1620,41,1.0,5,29.0,4.0,2.0,15.0,Other,white,0.17346253307585485,0.43799329971195133
80,81,Chick Fil-A,Spicy Deluxe,540,225,25,8.0,0.0,80,1760,43,2.0,6,34.0,30.0,10.0,30.0,Other,other,0.22038391814967975,0.4604921649786931
81,82,Chick Fil-A,Chargrilled Chicken Cool Wrap,350,126,14,5.0,0.0,60,960,29,15.0,3,37.0,60.0,35.0,35.0,Other,white,0.16417618242036175,0.6102157645539003
82,83,Chick Fil-A,Chicken Enchiladas Meal Kit,860,423,47,16.0,1.0,100,2520,70,,8,39.0,,,,Other,white,0.3634839145545806,0.4712778128015473
83,84,Chick Fil-A,Chicken Parmesan Meal Kit,720,279,31,15.0,0.0,120,1780,65,,7,48.0,,,,Other,white,0.2982925881411548,0.4693869105486767
84,85,Sonic,Hatch Green Chile Cheeseburger,710,380,43,17.0,2.0,120,1120,44,2.0,7,35.0,10.0,25.0,30.0,Other,red,0.31782614810598375,0.37950839192901076
85,86,Sonic,Jalapeno Burger,640,330,37,14.0,2.0,100,930,42,2.0,6,31.0,4.0,2.0,20.0,Other,red,0.2765495608367776,0.36097641930687496
86,87,Sonic,Jr. Burger,340,150,17,6.0,1.0,35,640,34,1.0,6,15.0,2.0,4.0,6.0,Other,red,0.1359649879880397,0.39237517562696966
87,88,Sonic,Jr. Chili Cheeseburger,410,220,24,9.0,0.5,55,730,32,1.0,4,20.0,7.0,1.0,15.0,Other,red,0.16545714677110435,0.3870372373831753
88,89,Sonic,Jr. Deluxe Burger,380,200,23,6.0,1.0,40,470,32,1.0,4,15.0,2.0,4.0,6.0,Other,red,0.14362729780093642,0.37685010564151405
89,90,Sonic,Jr. Deluxe Cheeseburger,450,250,28,9.0,1.0,60,800,33,1.0,4,19.0,6.0,4.0,15.0,Other,red,0.18508501624995446,0.37643358240474656
90,91,Sonic,Jr. Double Cheeseburger,600,350,38,16.0,2.0,110,1350,35,1.0,7,31.0,15.0,4.0,25.0,Other,red,0.29165637475176154,0.35118663503124364
91,92,Sonic,Sonic Bacon Cheeseburger (w/mayo),870,530,59,20.0,2.0,140,1350,45,2.0,7,39.0,10.0,8.0,30.0,Other,red,0.38173579396907,0.3482764595835084
92,93,Sonic,Sonic Burger W/ Mustard,640,330,37,14.0,2.0,100,790,43,2.0,7,31.0,6.0,8.0,20.0,Other,red,0.2750946653028103,0.36715969294617096
93,94,Sonic,Sonic Burger W/ Ketchup,650,340,37,14.0,2.0,100,860,46,2.0,10,32.0,8.0,10.0,20.0,Other,red,0.28453753639395646,0.38013850694792445
94,95,Sonic,Sonic Burger W/ Mayonnaise,740,430,48,15.0,2.0,110,760,44,2.0,7,31.0,6.0,8.0,20.0,Other,red,0.3077664240646042,0.3544554536519663
95,96,Sonic,Sonic Cheeseburger W/ Mustard,710,380,43,17.0,2.0,120,1120,43,2.0,7,35.0,10.0,8.0,30.0,Other,red,0.31732917119066106,0.36596498181517223
96,97,Sonic,Sonic Cheeseburger W/ Ketchup,720,380,43,17.0,2.0,120,1190,47,2.0,10,35.0,15.0,10.0,30.0,Other,red,0.3250780571681158,0.38096050961144384
97,98,Sonic,Sonic Cheeseburger W/ Mayonnaise,800,480,54,18.0,2.0,130,1090,44,2.0,7,35.0,10.0,8.0,30.0,Other,red,0.3493444852637144,0.35312634210705934
98,99,Sonic,Super Sonic Bacon Double Cheeseburger (w/mayo),1280,830,92,36.0,4.0,260,1630,44,2.0,7,67.0,15.0,6.0,40.0,Other,red,0.608519632418284,0.23722033688403216
99,100,Sonic,Super Sonic Double Cheeseburger W/ Mustard,1120,680,76,32.0,4.0,235,1550,44,2.0,8,63.0,15.0,8.0,40.0,Other,red,0.5459072549165825,0.26595791398729
100,101,Sonic,Super Sonic Double Cheeseburger W/ Ketchup,1130,680,76,32.0,4.0,235,1620,47,2.0,11,63.0,20.0,10.0,40.0,Other,red,0.5531832708251859,0.2799503956408468
101,102,Sonic,Super Sonic Double Cheeseburger W/ Mayo,1220,780,87,34.0,4.0,245,1520,45,2.0,8,63.0,15.0,8.0,40.0,Other,red,0.5810818100630307,0.2512670850923483
102,103,Sonic,Super Sonic Jalapeno Double Cheeseburger,1120,680,76,32.0,4.0,235,1690,43,2.0,7,63.0,15.0,2.0,40.0,Other,red,0.5472561935973301,0.26012209765325306
103,104,Sonic,Veggie Burger W/ Ketchup,450,130,14,4.0,0.0,10,1410,67,5.0,11,15.0,6.0,8.0,25.0,Other,red,0.16106676050424157,0.5427310932236769
104,105,Sonic,Veggie Burger With Mustard,450,130,14,4.0,0.0,10,1350,64,5.0,8,15.0,6.0,8.0,27.0,Other,red,0.15498697648401594,0.5327901549167665
105,106,Sonic,Veggie Burger W/ Mustard,450,130,14,4.0,0.0,10,1300,64,5.0,8,15.0,6.0,8.0,25.0,Other,red,0.1532909317658667,0.5306223240644145
106,107,Sonic,Grilled Asiago Caesar Chicken Club Sandwich,610,270,30,7.0,0.0,110,1570,44,3.0,8,40.0,11.0,20.0,16.0,Other,white,0.242565791526842,0.4615566133529256
107,108,Sonic,Crispy Asiago Caesar Chicken Club Sandwich,680,350,39,9.0,0.0,80,1120,53,4.0,7,31.0,11.0,7.0,16.0,Other,white,0.24707288001500122,0.4552214627741447
108,109,Sonic,Grilled Chicken Sandwich,430,180,20,4.0,0.0,80,940,33,2.0,6,28.0,6.0,8.0,10.0,Other,white,0.16032190033877092,0.4294112853379055
109,110,Sonic,Crispy Chicken Sandwich,570,300,33,5.0,0.0,45,1060,47,4.0,6,23.0,6.0,8.0,10.0,Other,white,0.19512714539668144,0.4591318343232414
110,111,Sonic,Chicken Strip Sandwich,450,220,24,4.0,0.0,35,740,43,1.0,4,19.0,0.0,0.0,4.0,Other,white,0.14450357811765263,0.41298414451964477
111,112,Sonic,3 Piece Crispy Chicken Tender Dinner,280,130,14,2.5,0.0,0,800,16,0.0,0,22.0,,,,Other,white,0.08618257389503448,0.3852765530832499
112,113,Sonic,5 Piece Crispy Chicken Tender Dinner,470,220,24,4.5,0.0,0,1340,26,0.0,0,37.0,,,,Other,white,0.15449809858531086,0.39300476646435806
113,114,Sonic,Deluxe Ultimate Chicken Sandwich,740,350,39,8.0,0.0,90,1550,63,4.0,12,33.0,10.0,8.0,15.0,Other,white,0.27361084198099084,0.4851252601002792
114,115,Sonic,Buffalo Dunked Ultimate Chicken Sandwich,1000,550,61,12.0,0.5,125,4520,70,5.0,12,23.0,,,,Other,white,0.4264148443124863,0.5272627437715974
115,116,Sonic,Garlic Parmesan Dunked Ultimate Chicken Sandwich,1350,900,100,17.0,0.0,190,2180,69,4.0,10,23.0,,,,Other,white,0.49288929262869485,0.45173623172605315
116,117,Sonic,Small Jumbo Popcorn Chicken,380,190,22,4.0,0.0,45,1250,27,3.0,1,18.0,0.0,0.0,2.0,Other,white,0.13824440714449598,0.41677117787233225
117,118,Sonic,Large Jumbo Popcorn Chicken,560,290,32,6.0,1.0,65,1890,41,5.0,2,27.0,0.0,0.0,4.0,Other,white,0.2292855364211187,0.42922841826113717
118,119,Sonic,Small Spicy Jumbo Popcorn Chicken,350,150,17,3.0,0.0,45,860,30,2.0,0,21.0,10.0,0.0,2.0,Other,white,0.11721288145183695,0.40902864537926376
119,120,Sonic,Large Spicy Jumbo Popcorn Chicken,610,270,30,5.0,0.0,80,1500,51,3.0,0,36.0,17.0,0.0,3.0,Other,white,0.2131997741535971,0.43357034890366103
120,121,Sonic,3 Piece Super Crunch Chicken Strip Dinner,970,410,46,8.0,1.0,55,2160,109,7.0,9,30.0,1.0,6.0,13.0,Other,white,0.33990149582995544,0.5410956717041339
121,122,Sonic,4 Piece Super Crunch Chicken Strip Dinner,1080,460,51,9.0,1.0,75,2390,118,8.0,9,37.0,1.0,7.0,13.0,Other,white,0.3821848854650118,0.5561599907128013
122,123,Sonic,5 Piece Super Crunch Chicken Strip Dinner,1190,510,57,10.0,1.0,90,2610,126,8.0,9,44.0,2.0,8.0,14.0,Other,white,0.4224526052401815,0.5607162961168428
123,124,Sonic,3 Piece Super Crunch Chicken Strips,330,140,16,3.0,0.0,55,670,25,2.0,0,22.0,1.0,2.0,1.0,Other,white,0.11100878197817612,0.39949482332902797
124,125,Sonic,4 Piece Super Crunch Chicken Strips,440,190,21,4.0,0.0,70,900,34,2.0,1,29.0,1.0,2.0,1.0,Other,white,0.15207421321190595,0.4065546843357935
125,126,Sonic,5 Piece Super Crunch Chicken Strips,550,240,26,5.0,0.0,90,1120,42,3.0,1,36.0,1.0,3.0,2.0,Other,white,0.193950328837769,0.4211795380224489
126,127,Sonic,Traditional Ultimate Chicken Sandwich,730,350,39,8.0,0.0,90,1540,62,3.0,11,32.0,4.0,2.0,15.0,Other,white,0.2691111126645281,0.46520417278306386
127,128,Sonic,Ultimate Chicken Club,100,580,64,15.0,0.5,100,2070,65,4.0,12,39.0,15.0,8.0,30.0,Other,white,0.33001491960617574,0.4469458982711038
128,129,Sonic,"All Beef All-american Style Dog – 6""",370,160,18,7.0,0.0,40,1180,40,1.0,15,12.0,2.0,4.0,8.0,Other,red,0.15307609092752228,0.4479532035958232
129,130,Sonic,"All Beef Chicago Dog – 6""",430,180,20,7.0,0.0,40,2310,49,1.0,17,14.0,4.0,6.0,10.0,Other,red,0.19554259199801,0.48085013872091303
130,131,Sonic,"All Beef Chili Cheese Coney – 6""",410,230,26,11.0,0.0,65,1140,30,2.0,4,17.0,10.0,2.0,20.0,Other,red,0.17642197048925254,0.4098470293234995
131,132,Sonic,"All Beef New York Dog – 6""",340,170,19,7.0,0.0,40,1250,30,3.0,4,13.0,2.0,10.0,8.0,Other,red,0.1390500788207662,0.43587291411358364
132,133,Sonic,"All Beef Regular Hot Dog – 6""",320,160,18,7.0,0.0,40,870,27,1.0,3,11.0,0.0,2.0,8.0,Other,red,0.12028186994898815,0.3978922828224038
133,134,Sonic,Cheesy Bacon Pretzel Dog - 6 In.,500,240,26,10.0,0.0,50,1410,46,2.0,7,15.0,1.0,3.0,8.0,Other,red,0.1895957093377859,0.4331116980061139
134,135,Sonic,Corn Dog,210,100,11,4.0,0.0,20,530,23,2.0,4,6.0,0.0,0.0,4.0,Other,red,0.07436939081551869,0.41196739469931987
135,136,Sonic,Footlong Quarter Pound Coney,830,490,54,22.0,1.0,85,1940,54,3.0,9,30.0,15.0,4.0,30.0,Other,red,0.3581602249056283,0.41005544440828035
136,137,Sonic,The Original Pretzel Dog,320,160,18,7.0,0.0,35,910,27,1.0,2,11.0,0.0,0.0,4.0,Other,red,0.11741308316729049,0.39253745759767944
137,138,Arbys,Arby's Melt,330,100,11,4.0,0.0,30,920,40,2.0,5,18.0,2.0,0.0,8.0,Other,other,0.11530341344844462,0.4411167560586417
138,139,Arbys,Arby-Q Sandwich,400,90,10,3.0,0.0,30,1230,58,3.0,23,18.0,4.0,10.0,10.0,Other,red,0.15590136314732314,0.5323004196511447
139,140,Arbys,Beef 'n Cheddar Classic,450,180,20,6.0,1.0,50,1280,45,2.0,9,23.0,2.0,2.0,15.0,Other,red,0.1879473387991628,0.4321937380146306
140,141,Arbys,Beef 'n Cheddar Mid,630,290,32,11.0,1.5,100,2100,48,2.0,9,39.0,2.0,2.0,15.0,Other,red,0.29092504656602514,0.40959627574241664
141,142,Arbys,Bourbon BBQ Brisket Sandwich,650,300,33,12.0,1.0,105,1460,51,2.0,15,38.0,,,,Other,red,0.28516538209962106,0.43646715232825833
142,143,Arbys,Bourbon BBQ Chicken Sandwich,690,280,31,9.0,0.0,90,1990,66,3.0,16,38.0,,,,Other,white,0.30783731886624677,0.5777061929336124
143,144,Arbys,Bourbon BBQ Steak Sandwich,690,280,31,9.0,0.0,90,1990,66,3.0,16,38.0,,,,Other,red,0.30783731886624677,0.5777061929336124
144,145,Arbys,Buttermilk Buffalo Chicken Sandwich,540,220,24,4.5,0.0,60,2110,53,2.0,6,29.0,,,,Other,white,0.21086384654004844,0.47755735520420733
145,146,Arbys,Buttermilk Chicken Bacon & Swiss,650,280,31,9.0,0.0,90,1750,56,2.0,9,39.0,,,,Other,white,0.25680575537651035,0.46416968606198267
146,147,Arbys,Buttermilk Chicken Cordon Bleu Sandwich,690,310,35,10.0,0.0,110,2000,53,1.0,7,41.0,,,,Other,white,0.2790341297935264,0.4496477628389701
147,148,Arbys,Buttermilk Crispy Chicken Sandwich,550,230,26,4.5,0.0,60,1480,52,2.0,6,29.0,,,,Other,white,0.19714134112510145,0.45809471994280726
148,149,Arbys,Classic French Dip & Swiss/Au Jus,540,210,23,11.0,1.0,85,2500,50,2.0,3,35.0,2.0,8.0,15.0,Other,other,0.2547593317924755,0.42768634033675
149,150,Arbys,Classic Roast Beef,360,120,14,5.0,0.5,50,970,37,2.0,5,23.0,0.0,0.0,6.0,Other,red,0.14146920557134213,0.41908714709233263
150,151,Arbys,Double Roast Beef,510,210,24,9.0,1.5,95,1610,38,2.0,5,38.0,0.0,0.0,6.0,Other,red,0.23622668944724334,0.3855827026488556
151,152,Arbys,Fire-Roasted Philly Steak,640,290,32,11.0,0.5,105,1950,46,3.0,4,42.0,,,,Other,red,0.27501696755090227,0.44562840347788535
152,153,Arbys,Grand Turkey Club,480,220,24,7.0,0.0,65,1610,37,2.0,9,30.0,15.0,10.0,15.0,Other,white,0.19892280779939078,0.4507087887169063
153,154,Arbys,Greek Gyro,710,390,44,13.0,0.0,75,1360,55,4.0,6,23.0,,,,Other,other,0.26706930268776163,0.4515899312925779
154,155,Arbys,Half Pound Beef 'n Cheddar Sandwich,740,350,39,14.0,2.0,130,2530,48,2.0,9,49.0,,,,Other,red,0.35432248574078906,0.4068196316706216
155,156,Arbys,Half Pound French Dip & Swiss,750,330,36,17.0,2.0,150,3350,51,2.0,3,55.0,,,,Other,other,0.38174022019712583,0.4094598718589595
156,157,Arbys,Half Pound Roast Beef Sandwich,610,270,30,12.0,2.0,130,2040,38,2.0,5,48.0,,,,Other,red,0.30040229775180266,0.3733769666477032
157,158,Arbys,Ham & Swiss Melt,300,80,9,4.0,0.0,35,1030,37,2.0,6,18.0,2.0,0.0,15.0,Other,red,0.11495542894555662,0.44803174241846283
158,159,Arbys,Loaded Italian Sandwich,680,360,40,14.0,0.5,100,2270,49,3.0,7,32.0,,,,Other,red,0.302174183630055,0.45668728184743473
159,160,Arbys,Pecan Chicken Salad Flatbread,710,410,46,7.0,0.5,65,980,53,4.0,9,22.0,,,,Other,white,0.251507359290567,0.4458092739295454
160,161,Arbys,Pecan Chicken Salad Sandwich,840,400,44,6.0,0.5,75,1210,81,6.0,20,33.0,10.0,8.0,25.0,Other,white,0.3055123997257827,0.5383999525279626
161,162,Arbys,2 piece Prime-Cut Chicken Tenders,240,100,11,1.5,0.0,30,640,19,1.0,0,16.0,0.0,0.0,2.0,Other,white,0.07572094957634834,0.3918463808105415
162,163,Arbys,3 piece Prime-Cut Chicken Tenders,360,150,17,2.5,0.0,45,950,28,2.0,0,23.0,0.0,4.0,2.0,Other,white,0.12010977380221417,0.41082298507425646
163,164,Arbys,5 piece Prime-Cut Chicken Tenders,600,250,28,4.0,0.0,75,1590,47,3.0,0,39.0,0.0,8.0,2.0,Other,white,0.2082682375754212,0.43811011034886965
164,165,Arbys,Reuben Sandwich,680,280,31,8.0,0.5,80,2420,62,4.0,5,37.0,6.0,20.0,35.0,Other,red,0.27912991799385245,0.5002833604350158
165,166,Arbys,Roast Beef Gyro,550,260,29,7.0,1.0,60,1290,48,3.0,5,24.0,10.0,15.0,10.0,Other,red,0.21352051419156368,0.4323157299289693
166,167,Arbys,Roast Turkey & Swiss Sandwich,710,260,28,7.0,0.0,65,1930,79,5.0,15,38.0,20.0,10.0,45.0,Other,white,0.2765303470110102,0.5660266142748527
167,168,Arbys,Roast Turkey & Swiss Wrap,520,240,27,9.0,0.0,65,1640,39,4.0,6,30.0,20.0,10.0,35.0,Other,white,0.21722113987659367,0.4760417733438855
168,169,Arbys,"Roast Turkey, Ranch & Bacon Sandwich",800,310,34,10.0,0.5,80,2420,79,5.0,16,45.0,20.0,10.0,45.0,Other,red,0.33132297728741494,0.5525034129855273
169,170,Arbys,"Roast Turkey, Ranch & Bacon Wrap",620,310,34,11.0,0.5,85,2130,39,4.0,6,37.0,20.0,10.0,30.0,Other,red,0.2718126511444897,0.45613359308354556
170,171,Arbys,Smoke Mountain w/ Beef Short Rib,740,320,35,13.0,1.0,125,2050,62,4.0,17,43.0,,,,Other,red,0.3600645630693444,0.5535006806663981
171,172,Arbys,Smokehouse Beef Short Rib Sandwich,590,250,59,10.0,1.0,75,1510,59,4.0,14,26.0,,,,Other,red,0.3091761139300139,0.5293374393533374
172,173,Arbys,Smokehouse Brisket,600,310,35,12.0,1.0,110,1240,42,2.0,7,33.0,4.0,8.0,20.0,Other,red,0.26257298318728944,0.39779459301955716
173,174,Arbys,Super Roast Beef,430,160,17,5.0,1.0,45,1060,45,3.0,11,23.0,10.0,10.0,8.0,Other,red,0.1742761881987479,0.45197172100555116
174,175,Arbys,Three Cheese Steak Sandwich,650,320,36,15.0,1.0,115,1760,44,2.0,9,30.0,,,,Other,red,0.28873826087831256,0.4073539527919535
175,176,Arbys,Triple Decker Sandwich,1030,459,51,17.0,1.0,155,2940,83,5.0,19,62.0,,,,Other,red,0.46103249892529213,0.5479427734885277
176,177,Arbys,Turkey Avocado Club,730,252,28,6.0,0.0,65,2140,80,6.0,16,41.0,,,,Other,white,0.2842275128298129,0.5847775834655096
177,178,Arbys,Turkey Gyro,470,180,20,3.5,0.0,45,1520,48,3.0,5,25.0,10.0,15.0,10.0,Other,white,0.16950111583010316,0.47445738825567674
178,179,Arbys,Ultimate BLT,980,495,55,14.0,0.0,85,2130,80,6.0,19,43.0,,,,Other,red,0.3802246866087816,0.5437675228515416
179,180,Arbys,Buffalo Chicken Slider,290,120,13,2.0,0.0,20,860,31,2.0,2,12.0,,,,Other,white,0.09327655892954016,0.42752382742605727
180,181,Arbys,Chicken Tender 'n Cheese Slider,290,110,12,3.5,0.0,25,720,30,1.0,1,15.0,,,,Other,white,0.09268979007759627,0.40790629180860827
181,182,Arbys,Corned Beef 'n Cheese Slider,220,80,9,3.5,0.0,30,890,21,1.0,1,14.0,,,,Other,red,0.08194455390408528,0.40157767102794467
182,183,Arbys,Ham 'n Cheese Slider,210,70,8,3.0,0.0,25,780,21,1.0,2,13.0,,,,Other,red,0.07451436747847306,0.40459391823901275
183,184,Arbys,Jalapeno Roast Beef 'n Cheese Slider,240,90,11,4.5,0.0,30,670,21,1.0,1,14.0,,,,Other,red,0.08378363755845628,0.3955584770121478
184,185,Arbys,Pizza Slider,300,150,17,6.0,0.0,35,930,23,1.0,2,13.0,,,,Other,other,0.1127150776773651,0.3954000626613074
185,186,Arbys,Roast Beef 'n Cheese Slider,240,90,11,4.5,0.0,30,670,21,1.0,1,14.0,,,,Other,red,0.08378363755845628,0.3955584770121478
186,187,Arbys,Turkey 'n Cheese Slider,200,60,7,2.5,0.0,25,760,21,1.0,2,14.0,,,,Other,white,0.07103598597080418,0.40599810179544166
187,188,Arbys,Chopped Side Salad,70,45,5,2.5,0.0,15,100,4,1.0,2,5.0,35.0,10.0,10.0,Other,veggie,0.02505415316719381,0.39652072176003267
188,189,Arbys,Crispy Chicken Farmhouse Salad,430,220,24,8.0,0.0,65,1000,26,4.0,4,28.0,60.0,20.0,25.0,Other,white,0.17386323642743345,0.4589387583163372
189,190,Arbys,Greek Gyro Salad,420,340,37,9.0,0.0,55,700,11,2.0,4,10.0,,,,Other,veggie,0.1636778718447278,0.37195977990474716
190,191,Arbys,Roast Turkey Farmhouse Salad,230,120,13,7.0,0.0,55,870,8,2.0,5,22.0,60.0,20.0,25.0,Other,white,0.11621679284840448,0.43175695566875705
191,192,Arbys,Super Greek Salad,720,480,53,15.0,0.0,85,1310,39,5.0,7,22.0,,,,Other,veggie,0.2887510601209742,0.447638062832095
192,193,Burger King,American Brewhouse King,1550,1134,126,47.0,8.0,805,1820,21,3.0,7,134.0,,,,Other,red,0.978940565635246,0.0
193,194,Burger King,Bacon & Swiss Sourdough King,1000,585,65,24.0,3.0,200,1320,48,2.0,8,56.0,,,,Other,red,0.4593255019657813,0.3093084382759599
194,195,Burger King,Bacon Cheeseburger,330,140,16,7.0,0.0,55,830,32,1.0,7,18.0,,,,Other,red,0.13436544897437663,0.4151126983085234
195,196,Burger King,Bacon Cheeseburger Deluxe,290,120,14,6.0,0.5,40,720,28,1.0,7,12.0,,,,Other,red,0.1178108074822327,0.4039821953548109
196,197,Burger King,Bacon King,1040,630,48,28.0,2.5,220,1900,48,1.0,10,57.0,,,,Other,red,0.4754820000252251,0.326010072898826
197,198,Burger King,Bacon King Jr,730,351,39,9.0,0.0,90,1930,63,0.0,16,32.0,,,,Other,red,0.3058671773868265,0.5107634543580987
198,199,Burger King,BBQ Bacon King,1100,675,75,29.0,3.0,220,1850,51,,13,57.0,,,,Other,red,0.5293594650835171,0.33333658277462
199,200,Burger King,Cheeseburger,300,130,14,6.0,0.0,45,710,28,1.0,6,16.0,,,,Other,red,0.11524540639680166,0.40613818509411026
200,201,Burger King,Double Bacon Cheeseburger,520,280,31,14.0,1.0,105,1180,33,1.0,8,31.0,,,,Other,red,0.2441074879960039,0.37449389205544165
201,202,Burger King,Double Cheeseburger,450,230,26,12.0,1.0,95,960,29,1.0,6,26.0,,,,Other,red,0.20701492881602773,0.36956521982920293
202,203,Burger King,Double Hamburger,360,160,18,8.0,0.0,70,520,28,1.0,6,22.0,,,,Other,red,0.14138318906872066,0.3983806989324625
203,204,Burger King,Double Quarter Pound King,900,486,54,25.0,3.0,210,1740,50,2.0,11,56.0,,,,Other,red,0.45188452469574836,0.3345997189834587
204,205,Burger King,Extra Long Cheeseburger,580,300,33,13.0,1.5,85,1030,45,2.0,9,26.0,,,,Other,red,0.2546402985596954,0.3997973280711043
205,206,Burger King,Farmhouse King,1220,720,80,28.0,3.0,335,2050,62,,15,,,,,Other,red,0.5914501194490069,0.33177294100613597
206,207,Burger King,Hamburger,260,90,10,4.0,0.0,35,490,28,1.0,6,13.0,,,,Other,red,0.08847453000477132,0.41070424378963455
207,208,Burger King,Homestyle Cheeseburger,550,250,27,12.0,1.5,95,1140,48,2.0,10,30.0,,,,Other,red,0.25004607439998044,0.4087756343272863
208,209,Burger King,Jalapeno King Sandwich,990,585,65,24.0,3.0,205,1550,46,2.0,7,55.0,,,,Other,red,0.4637790102295401,0.3117577951997741
209,210,Burger King,Mushroom & Swiss King,940,567,63,21.0,2.5,175,1380,45,,8,49.0,,,,Other,red,0.4238680464180127,0.3324803007689962
210,211,Burger King,Rodeo Burger,310,110,13,4.0,0.5,25,450,38,1.0,9,9.0,,,,Other,red,0.10622933485552956,0.4195489550077797
211,212,Burger King,Rodeo King,1250,738,82,31.0,3.5,230,2270,69,3.0,14,60.0,,,,Other,red,0.5900935657720513,0.3421171747981248
212,213,Burger King,Sourdough King Single,730,387,43,16.0,1.5,125,1570,52,2.0,12,35.0,,,,Other,red,0.32869513928291527,0.4025546517188684
213,214,Burger King,Sourdough King Double,970,549,61,24.0,3.0,205,1640,52,2.0,12,55.0,,,,Other,red,0.4663906360355573,0.33874601590826214
214,215,Burger King,Steakhouse King,1100,666,74,24.0,1.0,180,1620,59,,13,50.0,,,,Other,red,0.46230356356784397,0.38407354488443873
215,216,Burger King,Bacon & Cheese Whopper,770,432,48,16.0,2.0,95,1360,47,2.0,9,29.0,,,,Other,red,0.3266715403254398,0.38482033848966274
216,217,Burger King,DOUBLE WHOPPER w/o Cheese,900,510,57,19.0,2.0,140,1050,51,3.0,11,47.0,,,,Other,red,0.38749663524406275,0.3771003004892933
217,218,Burger King,DOUBLE WHOPPER w/ Cheese,990,580,65,24.0,2.0,160,1480,53,3.0,11,52.0,,,,Other,red,0.4411495222664167,0.3664476366723802
218,219,Burger King,WHOPPER w/o Cheese,660,360,40,12.0,1.5,90,980,49,2.0,11,28.0,,,,Other,red,0.27847768222882585,0.4059767343826426
219,220,Burger King,WHOPPER w/ Cheese,760,430,47,16.0,1.0,100,1410,53,3.0,11,33.0,,,,Other,red,0.3193538028632224,0.41830849912002244
220,221,Burger King,WHOPPER JR. w/o Cheese,340,170,19,5.0,0.0,40,510,28,2.0,6,14.0,,,,Other,red,0.11976297084964206,0.41759603968232367
221,222,Burger King,WHOPPER JR. w/ Cheese,380,210,23,8.0,1.0,55,730,29,2.0,6,16.0,,,,Other,red,0.1638053011047842,0.3895626698985294
222,223,Burger King,Bacon Cheddar Ranch Chicken Salad w/ grilled Chicken & Dressing,590,360,40,12.0,0.0,150,1540,18,3.0,6,42.0,,,,Other,white,0.2636869516433644,0.4412685501016592
223,224,Burger King,Bacon Cheddar Ranch Chicken Salad w/ crispy Chicken & Dressing,720,450,50,13.0,0.0,120,1960,32,5.0,7,36.0,,,,Other,white,0.30877678410368603,0.44870470662042194
224,225,Burger King,Chicken BLT Salad w/ Grilled Chicken,550,330,37,10.0,0.0,115,1640,17,3.0,5,36.0,,,,Other,white,0.23466823522161567,0.46412075911475087
225,226,Burger King,Chicken BLT Salad w/ Crispy Chicken,690,430,48,12.0,1.0,100,1750,31,4.0,8,35.0,,,,Other,white,0.3031022043760195,0.41268304325030597
226,227,Burger King,Chicken Caesar Salad w/ Grilled Chicken,530,290,32,5.0,0.0,95,1640,26,3.0,6,35.0,,,,Other,white,0.21221234417799623,0.4803973364839364
227,228,Burger King,Chicken Caesar Salad w/ Crispy Chicken,670,380,43,7.0,0.0,80,1760,40,5.0,8,34.0,,,,Other,white,0.26426119460242997,0.48040946934861983
228,229,Burger King,"Chicken, Apple & Cranberry Salad w/ Grilled Chicken",560,270,30,7.0,0.0,90,980,40,4.0,34,29.0,,,,Other,white,0.24134432357154226,0.5221790895355995
229,230,Burger King,"Chicken, Apple & Cranberry Salad w/ Crispy Chicken",700,370,41,9.0,0.0,80,1090,54,5.0,37,28.0,,,,Other,white,0.29030539254317667,0.5445144480678562
230,231,Burger King,"Garden Grilled Chicken Salad w/ Grilled Chicken, no dressing",320,120,14,6.0,0.0,115,650,16,2.0,4,36.0,,,,Other,white,0.14383050578403972,0.4064445896299699
231,232,Burger King,"Garden Grilled Chicken Salad w/ Crispy Chicken, no dressing",450,220,24,7.0,0.0,85,1070,30,5.0,6,29.0,,,,Other,white,0.18008895207594694,0.5067299323690628
232,233,Burger King,Side Caesar Salad with dressing,220,180,20,4.0,0.0,10,540,7,2.0,3,6.0,,,,Other,veggie,0.07947595582044403,0.4123565988046979
233,234,Burger King,Side Garden Salad and Avocado Ranch Dressing,230,190,21,5.0,0.0,30,520,7,2.0,3,5.0,,,,Other,veggie,0.08782688415750131,0.4207144704979313
234,235,Burger King,Bacon Cheddar Ranch Crispy Chicken Sandwich,830,468,52,14.0,0.5,110,2100,57,,9,34.0,,,,Other,white,0.34176947381895517,0.45604210246454924
235,236,Burger King,BBQ Bacon Crispy Chicken Sandwich,440,243,27,4.5,0.0,15,630,44,,13,7.0,,,,Other,white,0.15174264150892014,0.4822673743684794
236,237,Burger King,Big Fish Sandwich,530,250,27,4.5,0.0,30,1360,54,2.0,7,17.0,,,,Other,white,0.17870972038047694,0.4571990140042542
237,238,Burger King,BK VEGGIE Burger,410,150,16,3.0,0.0,5,1030,44,7.0,8,22.0,,,,Other,red,0.1465618335194312,0.6005160328355996
238,239,Burger King,Chicken Burger,480,220,25,2.5,0.0,5,1160,42,2.0,10,22.0,,,,Other,white,0.1577245976878417,0.4601879000616523
239,240,Burger King,Chicken Cordon Bleu Sandwich,730,351,39,9.0,0.0,90,1930,63,,16,32.0,,,,Other,white,0.3097018128481648,0.5209818719333171
240,241,Burger King,Chicken Fries,290,150,17,3.0,1.5,40,780,18,1.0,1,16.0,,,,Other,white,0.1239658076280128,0.3587774549031308
241,242,Burger King,4 Piece Chicken Nuggets,190,100,11,2.0,0.0,25,310,10,1.0,0,10.0,,,,Other,white,0.054649945597206984,0.37696515353834414
242,243,Burger King,6 Piece Chicken Nuggets,290,150,17,3.0,0.0,40,460,15,1.0,0,15.0,,,,Other,white,0.08952326548436185,0.37722326457031985
243,244,Burger King,20 Piece Chicken Nuggets,950,500,55,11.0,0.0,130,1530,50,5.0,0,51.0,,,,Other,white,0.33196319280471276,0.42242558320907775
244,245,Burger King,Chicken Nuggets (10pc),470,260,29,5.0,0.0,50,890,34,5.0,0,21.0,,,,Other,white,0.16294877096428503,0.4452230198642859
245,246,Burger King,Chicken Parmesan Sandwich,570,225,25,8.0,0.0,70,1340,57,,9,32.0,,,,Other,white,0.22392919481556509,0.5047048898920172
246,247,Burger King,Crispy Buffalo Chicken Melt,580,252,28,8.0,0.5,70,2310,56,,8,30.0,,,,Other,white,0.2553303508391172,0.5044227007371487
247,248,Burger King,Crispy Chicken Jr.,430,250,28,4.5,0.0,30,760,34,2.0,4,12.0,,,,Other,white,0.1422964811108774,0.41541788463437457
248,249,Burger King,Crispy Chicken Sandwich,670,370,41,7.0,0.5,60,1070,54,2.0,7,23.0,,,,Other,white,0.23662348652810958,0.4262353873252988
249,250,Burger King,Grilled Chicken Sandwich,470,170,19,3.5,0.0,85,850,39,2.0,6,37.0,,,,Other,white,0.1710782519103621,0.445728613298151
250,251,Burger King,Grilled Chili Cheese Dog,330,170,19,8.0,1.0,40,980,28,2.0,5,14.0,,,,Other,red,0.14921567816053208,0.3907416992784284
251,252,Burger King,Grilled Hot Dog,310,140,16,6.0,1.0,30,960,32,2.0,10,11.0,,,,Other,red,0.13924673106376262,0.4186406302265336
252,253,Burger King,Jalapeno Chicken Fries,300,160,18,3.0,0.0,40,950,19,1.0,1,15.0,,,,Other,white,0.10692517836717048,0.3934847236095332
253,254,Burger King,Original Chicken Sandwich,630,350,39,7.0,1.0,65,1390,46,3.0,4,24.0,,,,Other,white,0.2401614238035523,0.41406981057026987
254,255,Burger King,Pretzel Chicken Fries,340,189,21,3.5,0.0,45,1200,21,1.0,1,16.0,,,,Other,white,0.1255998439223902,0.3934442726357566
255,256,Burger King,Rodeo Crispy Chicken Sandwich,410,150,17,3.0,0.0,20,870,53,2.0,14,12.0,,,,Other,white,0.13819776722200894,0.48163878624374623
256,257,Burger King,Sourdough Chicken Club,840,459,51,12.0,1.0,95,1760,62,3.0,7,32.0,,,,Other,white,0.3281472713244183,0.43875211549482024
257,258,Burger King,4 Piece Spicy Chicken Nuggets,210,135,15,3.0,0.0,20,570,11,2.0,0,8.0,,,,Other,white,0.07110486180000708,0.38980973844982625
258,259,Burger King,Spicy Chicken Nuggets,530,333,37,7.0,0.0,55,1420,28,,0,20.0,,,,Other,white,0.19532863445452162,0.41595807473447316
259,260,Burger King,Spicy Crispy Chicken Jr.,410,220,25,4.5,0.0,35,850,35,2.0,5,12.0,,,,Other,white,0.14012880418046733,0.42248318605128315
260,261,Burger King,Spicy Crispy Chicken Sandwich,700,378,42,7.0,0.0,65,1140,57,3.0,8,25.0,,,,Other,white,0.24206488348748112,0.4526358932291187
261,262,Burger King,Spicy Crispy Jalapeno Chicken Sandwich,760,405,45,11.0,0.0,95,1720,58,3.0,8,32.0,,,,Other,white,0.2896123647911211,0.4474179343007438
262,263,Dairy Queen,1/2 lb. FlameThrower® GrillBurger,1000,660,74,26.0,2.0,170,1610,40,2.0,9,46.0,25.0,8.0,30.0,Other,red,0.45320357853527443,0.3252816235513677
263,264,Dairy Queen,1/2 lb. GrillBurger with Cheese,800,460,51,20.0,2.0,135,1280,44,3.0,13,40.0,25.0,6.0,35.0,Other,red,0.36927625575151835,0.3842249864208801
264,265,Dairy Queen,1/4 lb. Bacon Cheese GrillBurger,630,330,37,13.0,1.0,95,1250,44,2.0,13,30.0,20.0,6.0,25.0,Other,red,0.27390486088611576,0.41848580196438134
265,266,Dairy Queen,1/4 lb. GrillBurger with Cheese,540,270,30,11.0,1.0,70,1020,44,3.0,13,23.0,20.0,6.0,25.0,Other,red,0.23282428106880967,0.43906846416205564
266,267,Dairy Queen,1/4 lb. Mushroom Swiss GrillBurger,570,310,35,11.0,1.0,75,820,39,2.0,8,24.0,2.0,0.0,25.0,Other,red,0.23249781880379256,0.39541983159714433
267,268,Dairy Queen,Original Cheeseburger,400,160,18,9.0,1.0,65,930,34,1.0,8,19.0,10.0,0.0,10.0,Other,red,0.1708496334733451,0.39182204667848197
268,269,Dairy Queen,Original Double Cheeseburger,630,310,34,18.0,2.0,125,1240,34,1.0,9,34.0,15.0,0.0,20.0,Other,red,0.2955011769916548,0.3451979543749736
269,270,Dairy Queen,4 Piece Chicken Strip Basket w/ Country Gravy,1030,480,53,9.0,1.0,80,2780,105,9.0,4,35.0,2.0,0.0,10.0,Other,white,0.3787189688806958,0.5362316722307613
270,271,Dairy Queen,6 Piece Chicken Strip Basket w/ Country Gravy,1260,590,66,11.0,1.0,120,3500,121,12.0,4,49.0,2.0,0.0,10.0,Other,white,0.4739620415022364,0.575481120777132
271,272,Dairy Queen,Bacon Cheese Dog,420,240,26,11.0,1.0,60,1140,26,1.0,3,19.0,,,,Other,red,0.18741062771182765,0.3660413961143827
272,273,Dairy Queen,Cheese Dog,390,220,24,11.0,1.0,50,1000,26,1.0,3,16.0,,,,Other,red,0.17291321779282662,0.36722904638250414
273,274,Dairy Queen,Chili Cheese Dog,380,220,24,11.0,1.0,55,900,23,1.0,3,16.0,10.0,0.0,15.0,Other,red,0.17031534285790018,0.3625218884021041
274,275,Dairy Queen,Chili Dog,330,180,20,8.0,1.0,40,1050,24,1.0,5,13.0,8.0,0.0,6.0,Other,red,0.14861210046369028,0.3758301710116073
275,276,Dairy Queen,Hot Dog,290,160,17,7.0,1.0,35,900,22,1.0,4,11.0,4.0,0.0,6.0,Other,red,0.1298955038446818,0.3731701137994943
276,277,Dairy Queen,Relish Dog,350,180,20,8.0,1.0,35,1000,30,1.0,6,13.0,,,,Other,red,0.15177059971667256,0.38497281264060196
277,278,Dairy Queen,Barbecue Pork Sandwich,310,80,9,3.0,0.0,50,830,41,2.0,9,17.0,10.0,4.0,4.0,Other,red,0.11379639538390575,0.4525121750782082
278,279,Dairy Queen,Breaded Mushrooms,250,80,9,1.0,0.0,0,500,36,2.0,1,7.0,0.0,2.0,2.0,Other,other,0.06217150812953809,0.4292384047525351
279,280,Dairy Queen,Regular Cheese Curds,550,410,45,25.0,0.0,150,900,0,0.0,0,35.0,30.0,0.0,100.0,Other,other,0.29211159108035833,0.34525308996545623
280,281,Dairy Queen,Large Cheese Curds,1050,670,75,43.0,1.0,180,2210,52,0.0,30,43.0,,,,Other,other,0.5330028112859946,0.37208360073368957
281,282,Dairy Queen,Chili Cheese Mega Dog,760,440,49,21.0,2.0,100,1570,48,2.0,6,32.0,,,,Other,red,0.34584332557486885,0.3690628510235884
282,283,Dairy Queen,Corn Dog,260,140,15,4.0,0.0,20,450,26,1.0,7,6.0,0.0,4.0,0.0,Other,red,0.08691069376025826,0.40724517722272147
283,284,Dairy Queen,Crispy Fish Sandwich,470,200,22,3.0,0.0,20,1210,53,2.0,7,17.0,10.0,2.0,6.0,Other,white,0.15386110175678952,0.4595251204654824
284,285,Dairy Queen,Deluxe Cheeseburger,400,160,18,9.0,1.0,65,930,35,1.0,9,20.0,20.0,6.0,10.0,Other,red,0.17304570381668652,0.40153716103353965
285,286,Dairy Queen,Deluxe Double Cheeseburger,640,310,34,18.0,2.0,125,1240,35,1.0,9,34.0,25.0,6.0,20.0,Other,red,0.2961092157819029,0.35249869827122965
286,287,Dairy Queen,Deluxe Double Hamburger,540,240,26,13.0,1.0,100,750,34,1.0,9,29.0,15.0,6.0,4.0,Other,red,0.22010213578115004,0.37283239850446115
287,288,Dairy Queen,Deluxe Hamburger,350,130,14,7.0,1.0,50,680,34,1.0,9,17.0,15.0,6.0,4.0,Other,red,0.14344793290310648,0.40099228777959295
288,289,Dairy Queen,DQ Ultimate® Burger,780,430,48,22.0,2.0,150,1390,34,1.0,7,41.0,20.0,6.0,20.0,Other,red,0.3551947732128812,0.3244648020065916
289,290,Dairy Queen,Pork Tenderloin Sandwich,580,310,34,7.0,0.0,45,910,48,2.0,6,19.0,,,,Other,red,0.19406606596479112,0.4306413519433758
290,291,Dairy Queen,Steak Finger Basket,910,430,48,13.0,0.5,45,2210,95,5.0,2,23.0,,,,Other,red,0.31928329049756604,0.4912015018342606
291,292,Dairy Queen,3 chicken strips Chicken Strips,350,180,20,3.0,0.0,60,960,22,10.0,0,22.0,,,,Other,white,0.1403132545310621,0.5832928490921805
292,293,Dairy Queen,Chicken Bacon Ranch Sandwich,500,180,20,8.0,0.0,65,1190,45,3.0,3,33.0,,,,Other,white,0.18523753692978276,0.45790501976054226
293,294,Dairy Queen,Chicken Mozzarella Sandwich,640,220,25,8.0,0.0,60,1530,68,4.0,3,34.0,,,,Other,white,0.22940744130211385,0.49832552845281813
294,295,Dairy Queen,Crispy Chicken BLT Salad,520,280,31,10.0,0.0,100,1470,25,9.0,6,37.0,,,,Other,white,0.23598071840838236,0.5267565712443245
295,296,Dairy Queen,Crispy Chicken Garden Greens Salad,280,120,13,2.0,0.0,40,670,24,9.0,6,17.0,,,,Other,white,0.11169178043700848,0.5928200388271234
296,297,Dairy Queen,Crispy Chicken Sandwich,600,270,30,5.0,0.0,55,1250,59,7.0,8,24.0,10.0,6.0,15.0,Other,white,0.2119668026303199,0.5154631763513458
297,298,Dairy Queen,Crispy Chicken Wrap,350,190,21,5.0,0.0,35,820,30,2.0,1,12.0,10.0,2.0,10.0,Other,white,0.12191889055916251,0.4111398460611922
298,299,Dairy Queen,Grilled Chicken BLT Salad,380,170,19,9.0,0.0,100,1540,11,3.0,6,42.0,,,,Other,white,0.18607807535263632,0.47571618609048894
299,300,Dairy Queen,Grilled Chicken Garden Greens Salad,150,20,2,0.5,0.0,40,730,10,3.0,6,23.0,,,,Other,white,0.06680515773207901,0.46819171880703736
300,301,Dairy Queen,Grilled Chicken Sandwich,360,140,15,3.0,0.0,50,1040,32,1.0,5,25.0,10.0,8.0,6.0,Other,white,0.13139277032342916,0.4253258461133008
301,302,Dairy Queen,Grilled Chicken Wrap,280,130,15,4.0,0.0,30,800,22,1.0,1,15.0,10.0,4.0,10.0,Other,white,0.09877303461454831,0.4020096646005817
302,303,Dairy Queen,Side Salad,20,0,0,0.0,0.0,0,15,5,2.0,3,1.0,50.0,30.0,15.0,Other,veggie,0.0,0.4418532769868683
303,304,Dairy Queen,Turkey BLT Sandwich,550,240,26,8.0,0.0,60,1420,45,3.0,3,30.0,,,,Other,white,0.20488075445373097,0.4606495070905208
304,305,Subway,"6"" B.L.T.",320,80,9,4.0,0.0,20,680,43,5.0,6,15.0,8.0,8.0,30.0,Other,red,0.11219939750442902,0.5010031510319306
305,306,Subway,Footlong B.L.T.,640,160,18,8.0,0.0,40,1360,86,10.0,12,30.0,16.0,16.0,60.0,Other,red,0.2374089298683866,0.6359208683540504
306,307,Subway,"6"" BBQ Rib Sandwich",430,160,18,6.0,0.0,50,590,47,5.0,8,19.0,8.0,20.0,30.0,Other,red,0.15567387798757537,0.5012641258712225
307,308,Subway,Footlong BBQ Rib Sandwich,860,320,36,12.0,0.0,100,1180,94,10.0,16,38.0,16.0,40.0,60.0,Other,red,0.32435789083467925,0.6364428180326341
308,309,Subway,"6"" Big Hot Pastrami",580,310,31,11.0,0.0,85,1470,47,5.0,7,29.0,10.0,45.0,40.0,Other,red,0.246237783599685,0.5097862472903675
309,310,Subway,Footlong Big Hot Pastrami,1160,620,62,22.0,0.0,170,2940,94,10.0,14,58.0,20.0,90.0,80.0,Other,red,0.5054857020588985,0.6534870608709241
310,311,Subway,"6"" Big Philly Cheesesteak",500,150,17,9.0,1.0,85,1310,51,6.0,8,38.0,15.0,20.0,50.0,Other,red,0.23248590681976675,0.5118098112764341
311,312,Subway,Footlong Big Philly Cheesesteak,1000,300,34,18.0,2.0,170,2620,102,12.0,16,76.0,30.0,40.0,100.0,Other,red,0.47798194849906206,0.6575341888430574
312,313,Subway,Kids Mini Sub Black Forest Ham,180,20,3,0.5,0.0,10,450,30,3.0,5,10.0,6.0,15.0,20.0,Other,red,0.05698809103889832,0.4712514391447708
313,314,Subway,"6"" Black Forest Ham",290,40,5,1.0,0.0,20,830,46,5.0,8,18.0,8.0,20.0,30.0,Other,red,0.10485122568559667,0.5299712763939252
314,315,Subway,Footlong Black Forest Ham,580,80,10,2.0,0.0,40,1660,92,10.0,16,36.0,16.0,40.0,60.0,Other,red,0.2227125862307219,0.6938571190780395
315,316,Subway,"6"" Carved Turkey",330,45,5,1.0,0.0,45,890,45,5.0,7,25.0,8.0,20.0,30.0,Other,white,0.12071397247354458,0.5237432064355179
316,317,Subway,Footlong Carved Turkey,660,90,10,2.0,0.0,90,1780,90,10.0,14,50.0,16.0,40.0,60.0,Other,white,0.2544380798066177,0.681400979161225
317,318,Subway,"6"" Carved Turkey & Bacon w/ Cheese",570,230,26,7.0,0.0,70,1600,46,5.0,8,33.0,10.0,20.0,40.0,Other,red,0.22582998265659873,0.5122678934303996
318,319,Subway,Footlong Carved Turkey & Bacon w/ Cheese,1140,460,52,14.0,0.0,140,3200,92,10.0,16,66.0,20.0,40.0,80.0,Other,red,0.46467010017272603,0.6584503531509883
319,320,Subway,"6"" Chicken & Bacon Ranch Melt",570,250,28,10.0,1.0,95,1080,47,5.0,8,35.0,15.0,25.0,50.0,Other,white,0.2523130495105658,0.48360230242154334
320,321,Subway,Footlong Chicken & Bacon Ranch Melt,1140,500,56,20.0,2.0,190,2160,94,10.0,16,70.0,30.0,50.0,100.0,Other,white,0.5176362338806602,0.601119171133276
321,322,Subway,"6"" Chicken Pizziola Melt",460,140,16,6.0,0.0,80,1140,49,6.0,9,32.0,15.0,30.0,45.0,Other,white,0.19344041813620996,0.5419247689147674
322,323,Subway,Footlong Chicken Pizziola Melt,920,280,32,12.0,0.0,160,2280,98,12.0,18,64.0,30.0,60.0,90.0,Other,white,0.3998909711319484,0.717764104119724
323,324,Subway,"6"" Cold Cut Combo",370,120,13,4.0,0.0,50,1140,46,5.0,7,18.0,10.0,20.0,35.0,Other,other,0.14859343387133195,0.5176140358694686
324,325,Subway,Footlong Cold Cut Combo,740,240,26,8.0,0.0,100,2280,92,10.0,14,36.0,20.0,40.0,70.0,Other,other,0.3101970026021924,0.6691426380291265
325,326,Subway,"6"" Corned Beef Reuben",470,130,15,4.5,0.0,85,1770,45,7.0,12,39.0,10.0,35.0,20.0,Other,red,0.2065845496805555,0.554090831479239
326,327,Subway,Footlong Corned Beef Reuben,940,260,30,9.0,0.0,170,3540,90,14.0,24,78.0,20.0,70.0,40.0,Other,red,0.42617923422063964,0.7420962292486672
327,328,Subway,"6"" Italian B.M.T.",410,150,16,6.0,0.0,45,1300,46,5.0,8,20.0,8.0,20.0,30.0,Other,red,0.16641725073547128,0.5129991778803213
328,329,Subway,Footlong Italian B.M.T.,820,300,32,12.0,0.0,90,2600,92,10.0,16,40.0,16.0,40.0,60.0,Other,red,0.345844636330471,0.659912922050832
329,330,Subway,"6"" Italian Hero",550,260,29,10.0,0.0,75,1470,47,5.0,9,26.0,10.0,20.0,40.0,Other,other,0.23165017613223565,0.503188518938327
330,331,Subway,Footlong Italian Hero,1100,520,58,20.0,0.0,150,2940,94,10.0,18,52.0,20.0,40.0,80.0,Other,other,0.4763104871239999,0.6402916041668432
331,332,Subway,"6"" Meatball Marinara",480,160,18,7.0,1.0,30,950,59,8.0,12,21.0,25.0,35.0,35.0,Other,red,0.19628879896422424,0.5589134471066995
332,333,Subway,Footlong Meatball Marinara,960,320,36,14.0,2.0,60,1900,118,16.0,24,42.0,50.0,70.0,70.0,Other,red,0.405587732787977,0.7517414605035884
333,334,Subway,"6"" Oven Roasted Chicken",320,40,5,2.0,0.0,25,640,47,5.0,8,23.0,8.0,30.0,30.0,Other,white,0.11159256840604172,0.5333833778623769
334,335,Subway,Footlong Oven Roasted Chicken,640,80,10,4.0,0.0,50,1280,44,10.0,16,46.0,16.0,60.0,60.0,Other,white,0.2125517682290521,0.6505290148791955
335,336,Subway,Kids Mini Sub Roast Beef,200,25,3,1.0,0.0,25,390,30,4.0,5,14.0,6.0,15.0,20.0,Other,red,0.06764712974549636,0.47763007964076815
336,337,Subway,"6"" Roast Beef",320,40,5,2.0,0.0,40,700,45,5.0,7,24.0,8.0,20.0,30.0,Other,red,0.11553218482369712,0.5198763799545881
337,338,Subway,Footlong Roast Beef,640,80,10,4.0,0.0,80,1400,90,10.0,14,48.0,16.0,40.0,60.0,Other,red,0.24407450450692283,0.6736673261993656
338,339,Subway,"6"" Rotisserie Style Chicken",350,50,6,1.5,0.0,50,540,44,5.0,7,29.0,8.0,20.0,30.0,Other,white,0.12155758462644448,0.5154281127753798
339,340,Subway,Footlong Rotisserie Style Chicken,700,100,12,3.0,0.0,100,1080,88,10.0,14,58.0,16.0,40.0,60.0,Other,white,0.2561253041124174,0.6647707918409489
340,341,Subway,"6"" Spicy Italian",480,220,24,9.0,1.0,50,1520,46,5.0,8,20.0,8.0,20.0,30.0,Other,other,0.21490196153987848,0.48123351332957864
341,342,Subway,Footlong Spicy Italian,960,440,48,18.0,2.0,100,3040,92,10.0,16,40.0,16.0,40.0,60.0,Other,other,0.4428140579392855,0.5963815929493466
342,343,Subway,"6"" Steak and Cheese",380,90,10,5.0,0.0,50,1060,48,5.0,8,26.0,10.0,20.0,40.0,Other,red,0.15514580849553905,0.5262349574710243
343,344,Subway,Footlong Steak and Cheese,760,180,20,10.0,0.0,100,2120,96,10.0,16,52.0,20.0,40.0,80.0,Other,red,0.32330175185060667,0.6863844812322377
344,345,Subway,"6"" Subway Club",310,40,5,2.0,0.0,40,880,46,5.0,7,23.0,8.0,20.0,30.0,Other,other,0.11842742879400206,0.5233603591529953
345,346,Subway,Footlong Subway Club,620,80,10,4.0,0.0,80,1760,92,10.0,14,46.0,16.0,40.0,60.0,Other,other,0.24986499244753252,0.6806352845961798
346,347,Subway,"6"" Subway Melt (includes cheese)",370,100,11,5.0,0.0,45,1210,47,5.0,8,23.0,10.0,20.0,40.0,Other,other,0.1552536496221039,0.5269678855745715
347,348,Subway,Footlong Subway Melt (includes cheese),740,200,22,10.0,0.0,90,1420,94,10.0,16,46.0,20.0,40.0,80.0,Other,other,0.3011623969775439,0.6729836344258138
348,349,Subway,"6"" Subway Seafood Sensation",420,170,19,3.0,0.0,20,690,51,5.0,8,13.0,10.0,20.0,35.0,Other,white,0.14150354800110226,0.5202700596595465
349,350,Subway,Footlong Subway Seafood Sensation,840,340,38,6.0,0.0,40,1380,102,10.0,16,26.0,20.0,40.0,70.0,Other,white,0.29601723086173304,0.6744546856092821
350,351,Subway,"6"" Sweet Onion Chicken Teriyaki",380,40,5,1.0,0.0,50,900,59,5.0,18,26.0,8.0,30.0,35.0,Other,white,0.14831096002898844,0.5763878389353987
351,352,Subway,Footlong Sweet Onion Chicken Teriyaki,760,80,10,2.0,0.0,100,1800,118,10.0,36,52.0,16.0,60.0,70.0,Other,white,0.30963205491750545,0.7866902441609867
352,353,Subway,"6"" Tuna",470,210,24,4.0,0.0,30,620,44,5.0,6,20.0,8.0,20.0,30.0,Other,red,0.1567529290092318,0.49605786659877893
353,354,Subway,Footlong Tuna,940,420,48,8.0,0.0,60,1240,88,10.0,12,40.0,16.0,40.0,60.0,Other,red,0.32651599287799216,0.6260302994877471
354,355,Subway,"6"" Turkey & Bacon Avocado",390,110,13,3.5,0.0,30,860,49,8.0,7,22.0,10.0,200.0,30.0,Other,red,0.14375969967900237,0.6830427168549053
355,356,Subway,Footlong Turkey & Bacon Avocado,780,220,26,7.0,0.0,60,1720,98,16.0,14,44.0,20.0,400.0,60.0,Other,red,0.30052953421753326,0.9999999999999998
356,357,Subway,Kids Mini Sub Turkey Breast,180,20,2,0.5,0.0,10,380,30,3.0,5,10.0,6.0,15.0,20.0,Other,white,0.05446272736330077,0.4706981595361788
357,358,Subway,"6"" Turkey Breast",280,30,4,1.0,0.0,20,810,46,5.0,7,18.0,8.0,20.0,30.0,Other,white,0.10042494921806204,0.5280919884889715
358,359,Subway,Footlong Turkey Breast,560,60,8,2.0,0.0,40,1620,92,10.0,14,36.0,16.0,40.0,60.0,Other,white,0.2138600332956526,0.6900985432681324
359,360,Subway,"6"" Turkey Breast & Ham",280,35,4,1.0,0.0,20,820,46,5.0,8,18.0,8.0,20.0,30.0,Other,white,0.10247930364373371,0.5304521759356098
360,361,Subway,Footlong Turkey Breast & Ham,560,70,8,2.0,0.0,40,1640,92,10.0,16,36.0,16.0,40.0,60.0,Other,white,0.21796874214699596,0.6948189181614088
361,362,Subway,"6"" Turkey Italiano Melt (with Provolone)",490,210,24,9.0,1.0,50,1480,47,5.0,8,24.0,10.0,20.0,45.0,Other,white,0.2220858349828889,0.4936033138915703
362,363,Subway,Footlong Turkey Italiano Melt (with Provolone),980,420,48,18.0,2.0,100,2960,94,10.0,16,48.0,20.0,40.0,90.0,Other,white,0.45718180482530635,0.6211211940733298
363,364,Subway,Kids Mini Sub Veggie Delite,150,15,2,0.0,0.0,0,190,29,3.0,4,6.0,6.0,15.0,20.0,Other,veggie,0.03830215496909692,0.46673218626319096
364,365,Subway,"6"" Veggie Delite",230,20,3,1.0,0.0,0,310,44,5.0,6,8.0,8.0,20.0,30.0,Other,veggie,0.0670291419354146,0.51937798965111
365,366,Subway,Footlong Veggie Delite,460,40,6,2.0,0.0,0,620,88,10.0,12,16.0,16.0,40.0,60.0,Other,veggie,0.14706841873035773,0.6726705455924094
366,367,Subway,"6"" Veggie Patty",390,70,7,1.0,0.0,10,800,56,8.0,8,23.0,15.0,20.0,35.0,Other,veggie,0.12741045739447032,0.5769255285289452
367,368,Subway,Footlong Veggie Patty,780,140,14,2.0,0.0,20,1600,112,16.0,16,46.0,30.0,20.0,70.0,Other,veggie,0.26780268865262036,0.773012253970287
368,369,Subway,Autumn Carved Turkey Salad,300,80,9,3.0,0.0,60,1120,26,3.0,22,25.0,40.0,40.0,15.0,Other,white,0.14244502563959663,0.5229686877338348
369,370,Subway,B.L.T. Salad,150,70,8,4.0,0.0,20,420,10,4.0,5,10.0,50.0,50.0,6.0,Other,veggie,0.0612578439969827,0.47056847026250115
370,371,Subway,Big Hot Pastrami Melt Salad,400,300,29,11.0,0.0,85,1250,12,4.0,4,23.0,25.0,70.0,10.0,Other,veggie,0.18975530336940719,0.4517517381747594
371,372,Subway,Big Philly Cheesesteak Salad,330,140,16,8.0,1.0,85,1080,17,5.0,6,32.0,60.0,50.0,25.0,Other,red,0.17652976342250823,0.4712128206630976
372,373,Subway,Black Forest Ham Salad,110,25,3,1.0,0.0,20,590,11,4.0,6,12.0,25.0,45.0,4.0,Other,veggie,0.049740245827471524,0.47760055710990856
373,374,Subway,Buffalo Chicken Salad (with Ranch dressing),360,230,26,4.0,0.0,60,1100,13,4.0,6,20.0,50.0,60.0,8.0,Other,white,0.14773389504536166,0.47387843287440573
374,375,Subway,Carved Turkey & Bacon w/ Cheese Salad,280,110,12,4.5,0.0,65,1320,11,4.0,5,28.0,50.0,50.0,15.0,Other,red,0.13108030636434573,0.4812792330282597
375,376,Subway,Carved Turkey Salad,150,30,4,0.0,0.0,45,680,8,3.0,3,19.0,40.0,40.0,6.0,Other,white,0.05975161799203621,0.4560596633731445
376,377,Subway,Chicken & Bacon Ranch Melt Salad (includes Ranch dressing),510,340,38,12.0,1.0,100,1040,14,4.0,7,30.0,60.0,60.0,30.0,Other,white,0.24200193085213992,0.4403942536565017
377,378,Subway,Cold Cut Combo Salad,180,95,11,4.0,0.0,45,820,12,4.0,5,12.0,50.0,50.0,10.0,Other,veggie,0.08822119918671736,0.47473506284143324
378,379,Subway,Double Chicken Salad,220,35,5,1.5,0.0,100,490,10,4.0,4,36.0,50.0,60.0,8.0,Other,white,0.09929160221206489,0.4749982846157869
379,380,Subway,Italian B.M.T.® Salad,230,135,15,6.0,0.0,45,1060,12,4.0,6,14.0,50.0,50.0,6.0,Other,veggie,0.11200057446851756,0.4706001694985276
380,381,Subway,Italian Hero Salad,230,140,15,5.0,0.0,45,1060,13,4.0,8,14.0,40.0,60.0,4.0,Other,veggie,0.11306651225862062,0.48250432591928455
381,382,Subway,Meatball Marinara Salad,310,150,17,7.0,1.0,30,720,25,6.0,10,16.0,60.0,70.0,10.0,Other,veggie,0.14310566435252137,0.5077237756549795
382,383,Subway,Oven Roasted Chicken Salad,140,25,3,0.5,0.0,50,280,10,4.0,4,19.0,50.0,60.0,8.0,Other,white,0.05475055604273871,0.4819134829631481
383,384,Subway,Roast Beef Salad,140,30,4,1.0,0.0,40,450,10,4.0,5,18.0,25.0,45.0,4.0,Other,red,0.059186785191516156,0.4685796162554455
384,385,Subway,Spicy Italian Salad,310,205,23,9.0,1.0,50,1280,11,4.0,6,15.0,50.0,50.0,8.0,Other,veggie,0.16219224084717412,0.4394510279934873
385,386,Subway,Steak & Cheese Salad,210,75,8,4.0,0.0,50,830,14,4.0,6,20.0,50.0,50.0,15.0,Other,red,0.09796263024946918,0.48553329058026823
386,387,Subway,Subway Club Salad,140,30,4,1.0,0.0,40,640,11,4.0,5,17.0,25.0,45.0,6.0,Other,veggie,0.06354031708366317,0.4737711585995721
387,388,Subway,Subway Melt® Salad,200,85,10,5.0,0.0,45,910,13,4.0,6,18.0,50.0,50.0,15.0,Other,veggie,0.1009140143311394,0.48281224334261075
388,389,Subway,Sweet Onion Chicken Teriyaki Salad,200,25,3,1.0,0.0,50,660,24,4.0,16,20.0,25.0,50.0,6.0,Other,white,0.09232545062914171,0.5181920337544198
389,390,Subway,Tuna Salad,310,215,24,4.0,0.0,40,370,10,4.0,4,15.0,50.0,50.0,6.0,Other,veggie,0.11006521112650307,0.45052010036016354
390,391,Subway,Turkey Breast & Ham Salad,110,20,3,1.0,0.0,25,580,11,4.0,5,12.0,25.0,45.0,6.0,Other,white,0.049568362557807305,0.4758019325692032
391,392,Subway,Turkey Breast Salad,110,20,2,1.0,0.0,20,570,11,4.0,5,12.0,25.0,45.0,6.0,Other,white,0.04708012281561336,0.4770035879371656
392,393,Subway,Veggie Delite Salad,50,10,1,0.0,0.0,0,65,9,4.0,4,3.0,25.0,45.0,4.0,Other,veggie,0.010780094504620974,0.46870362214222216
393,394,Subway,Chipotle Southwest Steak & Cheese Wrap,760,330,37,12.0,1.0,100,2250,65,4.0,7,43.0,15.0,45.0,30.0,Other,red,0.32220457727112195,0.4958448058432844
394,395,Subway,Rotisserie-Style Chicken Caesar Wrap,730,310,34,10.0,0.5,135,1900,53,3.0,4,55.0,15.0,8.0,45.0,Other,white,0.3088513633598754,0.4554304007289916
395,396,Subway,"Turkey, Bacon & Guacamole Wrap",810,380,42,13.0,0.5,75,2970,62,3.0,6,43.0,10.0,30.0,30.0,Other,red,0.33647741407696463,0.48698908012540887
396,397,Subway,Cheese & Veggies Pizza,740,230,25,11.0,0.0,50,1270,100,5.0,9,36.0,35.0,30.0,60.0,Other,veggie,0.2675886259946404,0.5884389176011355
397,398,Subway,Cheese Pizza,680,200,22,9.0,0.0,40,1070,96,4.0,7,32.0,25.0,4.0,45.0,Other,other,0.23216833177534849,0.5420305753446748
398,399,Subway,Pepperoni Pizza,790,290,32,13.0,0.0,60,1350,96,4.0,8,38.0,30.0,4.0,60.0,Other,red,0.2910893505566772,0.540825775493851
399,400,Subway,Sausage Pizza,820,310,34,14.0,0.0,70,1420,97,4.0,8,39.0,30.0,4.0,60.0,Other,red,0.3051993341300077,0.5375398212316427
400,401,Taco Bell,1/2 lb.* Cheesy Potato Burrito,540,230,26,7.0,1.0,45,1360,59,7.0,4,19.0,,,,Other,other,0.21193736991312445,0.49356376413099895
401,402,Taco Bell,1/2 lb.* Combo Burrito,460,170,18,7.0,1.0,45,1320,53,9.0,3,21.0,,,,Other,other,0.19367379386374614,0.523506590235327
402,403,Taco Bell,7-Layer Burrito,510,170,19,7.0,0.0,20,1090,68,11.0,4,16.0,,,,Other,other,0.18016943429735544,0.6364351212447754
403,404,Taco Bell,Bean Burrito,370,100,11,4.0,0.0,5,960,56,9.0,3,13.0,,,,Other,veggie,0.1275257210908773,0.6158265773953104
404,405,Taco Bell,Beefy 5-Layer Burrito,550,200,22,8.0,0.0,35,1270,68,8.0,5,19.0,,,,Other,red,0.19689798910898837,0.5420035871254334
405,406,Taco Bell,Beefy Fritos® Burrito,440,160,18,5.0,0.0,20,1030,55,4.0,3,13.0,,,,Other,red,0.14428371396974998,0.48423265567311424
406,407,Taco Bell,Black Bean Burrito,410,110,12,4.0,0.0,10,1100,62,8.0,3,14.0,,,,Other,veggie,0.13875108610846762,0.6069208382804551
407,408,Taco Bell,Burrito Supreme® – Beef,420,140,16,7.0,0.0,35,1090,53,8.0,5,16.0,,,,Other,red,0.16092578704248428,0.5983088511997837
408,409,Taco Bell,Burrito Supreme® - Chicken,390,110,12,5.0,0.0,40,1050,52,7.0,5,19.0,,,,Other,white,0.14930523472241217,0.5927004572397616
409,410,Taco Bell,Burrito Supreme® - Steak,390,120,13,5.0,0.0,30,1090,52,7.0,5,17.0,,,,Other,red,0.14772809336379955,0.5932361710474229
410,411,Taco Bell,Cantina Power Burrito - Chicken,760,240,27,6.0,0.0,60,1960,96,12.0,7,32.0,,,,Other,white,0.2761883481353125,0.6551760488088259
411,412,Taco Bell,Cantina Power Burrito - Steak,780,250,28,7.0,0.0,50,1900,98,13.0,7,33.0,,,,Other,red,0.28134811252385433,0.766681626142323
412,413,Taco Bell,Cantina Power Burrito - Veggie,740,230,26,5.0,0.0,10,1750,107,17.0,8,20.0,,,,Other,veggie,0.25711592870186395,0.8469694040327707
413,414,Taco Bell,Cheesy Bean and Rice Burrito,420,160,17,3.5,0.0,0,930,55,6.0,4,11.0,,,,Other,veggie,0.13376081737431977,0.5192623874032686
414,415,Taco Bell,Chili Cheese Burrito,380,150,17,8.0,1.0,35,930,41,5.0,2,16.0,,,,Other,red,0.15992302958713261,0.4499681004358362
415,416,Taco Bell,Chicken Crunchy Cheesy Core Burrito,610,210,24,9.0,0.0,55,1510,74,5.0,5,25.0,10.0,4.0,35.0,Other,white,0.22380325197154674,0.5169358789960755
416,417,Taco Bell,Steak Crunchy Cheesy Core Burrito,610,220,24,9.0,0.0,50,1520,75,5.0,5,25.0,10.0,4.0,40.0,Other,red,0.22570405808228378,0.5219586094521116
417,418,Taco Bell,Beef Crunchy Cheesy Core Burrito,630,240,26,10.0,0.5,45,1530,76,7.0,5,22.0,15.0,4.0,35.0,Other,red,0.23835378915336192,0.5278437827937775
418,419,Taco Bell,Loaded Taco Burrito,550,260,29,9.0,0.5,50,1130,52,7.0,4,20.0,15.0,6.0,20.0,Other,red,0.20909598920215686,0.4834861445460471
419,420,Taco Bell,Chicken Quesarito,620,270,30,10.0,0.0,60,1440,64,4.0,4,24.0,,,,Other,white,0.22949956365221583,0.4811410770942825
420,421,Taco Bell,Steak Quesarito,630,280,31,11.0,0.5,65,1410,64,3.0,4,25.0,,,,Other,red,0.24060560521493807,0.45299058438611506
421,422,Taco Bell,Beef Quesarito,650,300,34,12.0,0.5,60,1450,65,6.0,5,22.0,,,,Other,red,0.2537516098970826,0.48965078711552396
422,423,Taco Bell,Shredded Chicken Burrito,400,160,18,4.5,0.0,30,960,45,3.0,3,16.0,,,,Other,white,0.136229532080405,0.4515429916967498
423,424,Taco Bell,Smothered Burrito - Beef,710,320,35,13.0,1.0,75,2260,70,10.0,4,28.0,,,,Other,red,0.3029629573936278,0.5307494370938155
424,425,Taco Bell,Smothered Burrito - Shredded Chicken,650,250,28,10.0,0.0,70,2230,67,8.0,4,34.0,,,,Other,white,0.26438596442281104,0.543926134633217
425,426,Taco Bell,Smothered Burrito - Steak,670,260,29,11.0,0.5,80,2080,68,7.0,4,35.0,,,,Other,red,0.27728523953219386,0.5201620298372616
426,427,Taco Bell,Chicken Spicy Cheesy Core Burrito,540,180,20,8.0,0.0,55,1740,66,5.0,5,24.0,15.0,8.0,35.0,Other,white,0.2098291929898887,0.5207443050263776
427,428,Taco Bell,Steak Spicy Cheesy Core Burrito,550,190,21,9.0,0.0,50,1750,66,5.0,5,24.0,10.0,6.0,35.0,Other,red,0.21419320506079878,0.5165191910953985
428,429,Taco Bell,Beef Spicy Cheesy Core Burrito,570,210,23,10.0,0.5,45,1760,68,7.0,5,22.0,15.0,6.0,35.0,Other,red,0.22970662644784756,0.5270293229068026
429,430,Taco Bell,Triple Melt Burrito,410,140,16,6.0,0.0,30,1030,50,4.0,3,15.0,6.0,2.0,20.0,Other,other,0.14205234052601678,0.4720296630456745
430,431,Taco Bell,XXL Grilled Stuft Burrito - Beef,880,380,42,14.0,1.0,75,2020,94,12.0,6,31.0,,,,Other,red,0.34158526149521073,0.5638330866826002
431,432,Taco Bell,XXL Grilled Stuft Burrito - Chicken,830,320,35,11.0,0.0,85,1940,91,10.0,6,37.0,,,,Other,white,0.3103481236679344,0.5934717172140106
432,433,Taco Bell,XXL Grilled Stuft Burrito - Steak,820,320,36,12.0,1.0,70,2020,91,10.0,7,33.0,,,,Other,red,0.3189423509654451,0.555042417677609
433,434,Taco Bell,Chicken Soft Taco,170,50,6,3.0,0.0,30,460,18,1.0,1,12.0,,,,Other,white,0.057580276133113645,0.3921899965804732
434,435,Taco Bell,Cool Ranch® Doritos® Double Decker® Taco,320,120,14,5.0,0.0,25,770,36,6.0,2,13.0,,,,Other,red,0.11550156089460165,0.4796416676550437
435,436,Taco Bell,Cool Ranch® Doritos® Locos Taco,160,90,10,3.5,0.0,25,350,13,2.0,1,8.0,,,,Other,red,0.058222987638313434,0.393216901441383
436,437,Taco Bell,Cool Ranch® Doritos® Locos Taco Supreme,200,100,12,4.5,0.0,35,370,15,3.0,3,9.0,,,,Other,red,0.07355055746637965,0.43351290637851053
437,438,Taco Bell,Crunchy Taco,170,90,10,4.0,0.0,25,290,12,3.0,1,8.0,,,,Other,red,0.059092486279608364,0.41742696760207565
438,439,Taco Bell,Crunchy Taco Supreme®,200,110,12,5.0,0.0,35,320,15,3.0,2,9.0,,,,Other,red,0.07361515048618444,0.42768509784804043
439,440,Taco Bell,Double Decker® Taco,320,120,14,5.0,0.0,25,640,37,7.0,2,13.0,,,,Other,red,0.11556949495443908,0.5333199270999323
440,441,Taco Bell,DOUBLE DECKER® Taco Supreme®,350,140,16,6.0,0.0,35,670,40,7.0,3,14.0,,,,Other,red,0.13096129351108518,0.5349699667470812
441,442,Taco Bell,Spicy Sweet Double Stacked Taco,340,160,18,7.0,0.0,35,640,32,4.0,6,12.0,10.0,2.0,15.0,Other,red,0.1274860167483728,0.44672135380695105
442,443,Taco Bell,Cool Ranch Habanero Double Stacked Taco,350,180,20,8.0,0.5,40,630,30,4.0,3,13.0,15.0,2.0,20.0,Other,red,0.1405721005879491,0.42610502579762416
443,444,Taco Bell,Nacho Crunch Double Stacked Taco,380,170,19,6.0,0.0,35,650,39,5.0,2,13.0,8.0,2.0,20.0,Other,red,0.13167695756862308,0.45931487467424825
444,445,Taco Bell,Fiery Doritos® Double Decker® Taco,320,120,13,5.0,0.0,25,770,36,7.0,2,14.0,,,,Other,red,0.11803660609933758,0.5368766706171817
445,446,Taco Bell,Fiery Doritos® Locos Taco,170,90,10,3.5,0.0,25,370,12,3.0,1,8.0,,,,Other,red,0.05796781682034957,0.4446601119009738
446,447,Taco Bell,Fiery Doritos® Locos Taco Supreme,200,110,12,5.0,0.0,30,390,15,3.0,2,9.0,,,,Other,red,0.0739008208769174,0.4294329199795648
447,448,Taco Bell,Grilled Steak Soft Taco,250,130,14,4.0,0.0,30,550,19,2.0,2,11.0,,,,Other,red,0.08728747537671513,0.40401019524338916
448,449,Taco Bell,Nacho Cheese Doritos® Double Decker® Taco,320,120,13,5.0,0.0,25,760,36,7.0,2,14.0,,,,Other,red,0.11781090820041826,0.5366006289198599
449,450,Taco Bell,Nacho Cheese Doritos® Locos Tacos,170,80,9,4.0,0.0,25,340,13,2.0,1,8.0,,,,Other,red,0.05737956187179244,0.3914899514235678
450,451,Taco Bell,Nacho Cheese Doritos® Locos Tacos Supreme,200,100,11,5.0,0.0,35,370,15,3.0,2,9.0,,,,Other,red,0.07259168291107174,0.4304849139552628
451,452,Taco Bell,Soft Taco Supreme® – Beef,230,100,11,5.0,0.0,35,530,22,3.0,3,10.0,,,,Other,red,0.08399930718381879,0.43901286743942125
452,453,Taco Bell,Soft Taco-Beef,200,80,9,4.0,0.0,25,510,19,3.0,1,10.0,,,,Other,red,0.06833499608728849,0.4371910101963206
453,454,Taco Bell,Spicy Potato Soft Taco,250,120,13,3.0,0.0,10,510,28,3.0,1,6.0,,,,Other,red,0.0754698861014659,0.4238829991273856
454,455,Taco Bell,Chalupa Supreme® - Chicken,340,160,18,4.0,0.0,40,530,29,3.0,4,16.0,,,,Other,white,0.11662166455198879,0.4276993338565168
455,456,Taco Bell,Chalupa Supreme® - Steak,340,170,18,4.0,0.0,30,570,29,3.0,4,14.0,,,,Other,red,0.11411936849530141,0.429485941250574
456,457,Taco Bell,Chalupa Supreme®–Beef,370,190,21,5.0,0.0,30,570,31,4.0,4,13.0,,,,Other,red,0.1263634832338545,0.44413513213545414
457,458,Taco Bell,Double Chalupa,600,310,35,8.0,0.5,50,1010,50,6.0,5,21.0,15.0,4.0,15.0,Other,other,0.2169084549608786,0.4635589026735175
458,459,Taco Bell,Wild Naked Chicken Chalupa,420,250,28,6.0,0.0,65,1070,23,4.0,2,19.0,6.0,4.0,6.0,Other,white,0.1616177760207636,0.4169610400116438
459,460,Taco Bell,Mild Naked Chicken Chalupa,440,270,30,7.0,0.0,70,1090,22,3.0,1,20.0,6.0,4.0,6.0,Other,white,0.16919250626118076,0.39854827276665533
460,461,Taco Bell,Spicy Double Chalupa,600,310,35,8.0,0.5,50,1240,52,7.0,5,21.0,15.0,8.0,15.0,Other,other,0.22421327604345465,0.48255283065624754
461,462,Taco Bell,Fresco Bean Burrito,350,80,9,3.0,0.0,0,950,57,9.0,3,11.0,,,,Other,veggie,0.11673615841336168,0.6172837240113436
462,463,Taco Bell,Fresco Burrito Supreme® – Chicken,340,80,8,3.0,0.0,25,1020,50,7.0,4,17.0,,,,Other,white,0.12437663725246112,0.5898728458090153
463,464,Taco Bell,Fresco Burrito Supreme® – Steak,340,80,9,3.0,0.0,15,1060,50,7.0,4,15.0,,,,Other,red,0.12173484825581823,0.5894797320282076
464,465,Taco Bell,Fresco Chicken Soft Taco,150,35,4,1.0,0.0,25,460,18,2.0,2,11.0,,,,Other,white,0.04965633038074688,0.4199087125339406
465,466,Taco Bell,Fresco Crunchy Taco,140,70,8,2.0,0.0,20,290,13,3.0,1,6.0,,,,Other,red,0.044802668877836654,0.42867843524414634
466,467,Taco Bell,Fresco Grilled Steak Soft Taco,150,35,4,2.0,0.0,15,500,19,2.0,2,9.0,,,,Other,red,0.051034259005016125,0.42933641837285086
467,468,Taco Bell,Fresco Soft Taco,170,60,7,3.0,0.0,20,500,20,3.0,2,8.0,,,,Other,red,0.06017019971185719,0.441949374821122
468,469,Taco Bell,Cheesy Gordita Crunch,490,260,29,10.0,1.0,55,810,39,5.0,6,20.0,,,,Other,other,0.2057474669324132,0.4389158054773174
469,470,Taco Bell,Doritos® Cheesy Gordita Crunch - Cool Ranch,490,250,28,10.0,1.0,55,890,40,5.0,5,20.0,,,,Other,other,0.206257772688038,0.44483221823377217
470,471,Taco Bell,Doritos® Cheesy Gordita Crunch - Fiery,490,250,28,10.0,1.0,55,890,40,5.0,4,20.0,,,,Other,other,0.20499046531206383,0.4424880549677678
471,472,Taco Bell,Doritos® Cheesy Gordita Crunch - Nacho Cheese,490,250,28,10.0,1.0,55,880,40,5.0,5,20.0,,,,Other,red,0.20603555913899804,0.44468954902923047
472,473,Taco Bell,Double Cheesy Gordita Crunch,570,290,32,12.0,1.0,70,1110,44,7.0,5,25.0,15.0,2.0,30.0,Other,other,0.2414020745406874,0.45917175671272104
473,474,Taco Bell,Gordita Supreme® – Beef,300,120,14,5.0,0.0,30,550,31,4.0,6,13.0,,,,Other,red,0.10950145730029165,0.45481694606557316
474,475,Taco Bell,Gordita Supreme® - Chicken,270,90,10,4.0,0.0,40,510,29,2.0,6,16.0,,,,Other,white,0.09558956323509446,0.42309127632975857
475,476,Taco Bell,Gordita Supreme® - Steak,270,90,11,4.0,0.0,30,550,29,2.0,6,14.0,,,,Other,red,0.09321911014923652,0.4247619041300791
476,477,Taco Bell,Nacho Fries Bellgrande,710,360,41,6.0,0.0,30,1420,73,10.0,4,13.0,10.0,4.0,8.0,Other,red,0.23173611242082756,0.5402725557575796
477,478,Taco Bell,Nachos BellGrande®,760,360,39,6.0,0.0,30,1100,82,13.0,5,18.0,,,,Other,red,0.24236741768670741,0.5898570895581877
478,479,Taco Bell,Nachos Supreme,430,210,23,5.0,0.0,30,690,44,7.0,3,12.0,,,,Other,red,0.1474438640960636,0.5015465296238042
479,480,Taco Bell,Triple Layer Nachos,320,140,15,1.5,0.0,0,600,41,6.0,2,7.0,,,,Other,red,0.09798122477290569,0.49998298199992836
480,481,Taco Bell,Triple Melt Nachos,260,140,16,4.5,0.0,30,550,19,3.0,1,10.0,6.0,0.0,10.0,Other,red,0.09163181828627613,0.4102678968287939
481,482,Taco Bell,Beefy Cheddar Crunchwrap Slider,410,170,19,6.0,0.0,25,960,46,4.0,3,14.0,,,,Other,red,0.1429784042859123,0.4663255305586047
482,483,Taco Bell,Beefy Mini Quesadilla,210,110,12,4.0,0.0,25,560,17,3.0,1,9.0,,,,Other,red,0.07460978503049112,0.4311205891161302
483,484,Taco Bell,Beefy Nacho Griller,420,170,19,4.5,0.0,20,870,49,5.0,3,12.0,,,,Other,red,0.13782793107110403,0.48758239647062573
484,485,Taco Bell,BLT Crunchwrap Slider,430,210,23,5.0,0.0,20,900,43,3.0,4,12.0,,,,Other,red,0.14165828008147713,0.4450689066244784
485,486,Taco Bell,Cantina Power Bowl - Chicken,560,200,22,4.0,0.0,60,1520,64,9.0,4,26.0,,,,Other,white,0.19998003991119268,0.5669548537172102
486,487,Taco Bell,Cantina Power Bowl - Steak,580,210,23,4.0,0.0,50,1460,66,10.0,4,27.0,,,,Other,red,0.20150635141385678,0.5778404871292233
487,488,Taco Bell,Cantina Power Bowl - Veggie,540,190,21,3.0,0.0,10,1310,75,14.0,4,14.0,,,,Other,veggie,0.18123546011818734,0.6296690321682338
488,489,Taco Bell,Cheese Quesadilla,480,240,27,11.0,1.0,50,1000,40,4.0,3,19.0,,,,Other,other,0.20285461281549708,0.43250795550636484
489,490,Taco Bell,Cheese Roll-Up,190,80,9,5.0,0.0,20,450,18,2.0,1,9.0,,,,Other,other,0.06638155039119642,0.399535417376644
490,491,Taco Bell,Chicken Quesadilla,520,250,28,12.0,1.0,75,1210,41,4.0,3,27.0,,,,Other,white,0.22831685255238182,0.4334813926973661
491,492,Taco Bell,Chickstar,620,340,37,8.0,0.0,50,1290,53,4.0,4,17.0,8.0,6.0,15.0,Other,white,0.2163618211365191,0.45534970145273845
492,493,Taco Bell,Chili Cheese Burrito,380,150,17,8.0,1.0,35,930,41,5.0,2,16.0,,,,Other,red,0.15992302958713261,0.4499681004358362
493,494,Taco Bell,Chipotle Crispy Chicken Griller,290,170,18,3.0,0.0,25,640,22,1.0,1,9.0,,,,Other,white,0.09272651306707314,0.3947425629766891
494,495,Taco Bell,Crispy Chicken Quesadilla,650,340,37,13.0,0.5,75,1480,51,5.0,3,26.0,10.0,2.0,45.0,Other,white,0.2651661698193147,0.4590722507747679
495,496,Taco Bell,Crunchwrap Supreme®,540,190,21,6.0,0.0,30,1110,71,7.0,7,16.0,,,,Other,red,0.18280514840411677,0.5385070395040527
496,497,Taco Bell,Double Tostada,270,100,11,4.0,0.0,15,650,32,8.0,2,12.0,,,,Other,other,0.0975036037415109,0.5717285574004439
497,498,Taco Bell,Express Taco Salad w/ Chips,580,260,29,9.0,1.0,60,1270,59,8.0,7,23.0,,,,Other,red,0.23603751701884415,0.499505608449294
498,499,Taco Bell,Loaded Potato Griller,470,200,22,6.0,0.0,25,1120,55,4.0,5,13.0,,,,Other,other,0.16138533447574965,0.48157341141576654
499,500,Taco Bell,Mexican Pizza,540,270,31,8.0,1.0,40,860,47,7.0,2,20.0,,,,Other,red,0.20322529003398757,0.46044537094195903
500,501,Taco Bell,MexiMelt®,270,130,14,7.0,1.0,40,740,21,3.0,2,14.0,,,,Other,red,0.12348179743237161,0.39273029248555724
501,502,Taco Bell,Steak Quesalupa,440,210,23,10.0,0.5,60,840,36,3.0,3,22.0,15.0,6.0,35.0,Other,red,0.18194112689204356,0.42947099968516744
502,503,Taco Bell,Chicken Quesalupa,440,200,23,10.0,0.5,60,840,37,3.0,3,22.0,15.0,8.0,35.0,Other,white,0.18135400125028683,0.43250253753240925
503,504,Taco Bell,Beef Quesalupa,460,240,26,11.0,1.0,50,890,38,4.0,3,19.0,15.0,6.0,35.0,Other,red,0.19717596819077815,0.42885105157914083
504,505,Taco Bell,Shredded Chicken Mini Quesadilla,180,70,8,2.5,0.0,25,540,15,2.0,1,12.0,,,,Other,white,0.0613100889721509,0.40087121809609716
505,506,Taco Bell,Spicy Chicken Crunchwrap Slider,400,180,20,4.0,0.0,25,900,42,3.0,3,15.0,,,,Other,white,0.13388717136298967,0.44800806794828485
506,507,Taco Bell,Spicy Tostada,200,90,10,2.5,0.0,10,440,22,4.0,1,7.0,,,,Other,other,0.062172156682297225,0.4460692012533933
507,508,Taco Bell,Stacker,390,170,18,8.0,0.5,40,1050,39,4.0,3,18.0,8.0,2.0,30.0,Other,other,0.1618467253499209,0.44965173527896407
508,509,Taco Bell,Steak Quesadilla,520,250,28,12.0,1.0,65,1250,41,4.0,3,25.0,,,,Other,red,0.22345667336865202,0.42848018809090294
509,510,Taco Bell,Original Triple Double Crunchwrap,700,270,30,9.0,0.5,45,1550,85,9.0,7,23.0,15.0,6.0,25.0,Other,red,0.255258313284604,0.5571122692861673
510,511,Taco Bell,Spicy Triple Double Crunchwrap,780,340,38,10.0,0.5,50,1850,87,9.0,8,23.0,20.0,10.0,25.0,Other,red,0.28813317624980705,0.5603402681429539
511,512,Taco Bell,Express Taco Salad w/ Chips,580,260,29,9.0,1.0,60,1270,59,8.0,7,23.0,,,,Other,red,0.23603751701884415,0.499505608449294
512,513,Taco Bell,Fiesta Taco Salad-Beef,780,380,42,10.0,1.0,60,1340,74,11.0,7,26.0,,,,Other,red,0.2915857060898025,0.5355041118965066
513,514,Taco Bell,Fiesta Taco Salad-Chicken,720,320,35,7.0,0.0,70,1260,70,8.0,8,32.0,,,,Other,white,0.2563789513692781,0.5398212209138876
514,515,Taco Bell,Fiesta Taco Salad-Steak,720,320,36,8.0,1.0,55,1340,70,8.0,8,28.0,,,,Other,red,0.2682668538808452,0.5152071427989474
